ISO-10303-21;
HEADER;
/* Generated by software containing ST-Developer
 * from STEP Tools, Inc. (www.steptools.com) 
 */

FILE_DESCRIPTION(
/* description */ (''),
/* implementation_level */ '2;1');

FILE_NAME(
/* name */ 'macropad up.step',
/* time_stamp */ '2026-02-23T15:20:29Z',
/* author */ (''),
/* organization */ (''),
/* preprocessor_version */ 'ST-DEVELOPER v20.1',
/* originating_system */ 'Autodesk Translation Framework v14.24.0.0',
/* authorisation */ '');

FILE_SCHEMA (('AUTOMOTIVE_DESIGN { 1 0 10303 214 3 1 1 }'));
ENDSEC;

DATA;
#10=MECHANICAL_DESIGN_GEOMETRIC_PRESENTATION_REPRESENTATION('',(#13),#3367);
#11=SHAPE_REPRESENTATION_RELATIONSHIP('SRR','None',#3374,#12);
#12=ADVANCED_BREP_SHAPE_REPRESENTATION('',(#14),#3366);
#13=STYLED_ITEM('',(#3383),#14);
#14=MANIFOLD_SOLID_BREP('Body1',#2011);
#15=CYLINDRICAL_SURFACE('',#2074,0.499999999999998);
#16=CYLINDRICAL_SURFACE('',#2077,0.499999999999998);
#17=CYLINDRICAL_SURFACE('',#2080,0.499999999999998);
#18=CYLINDRICAL_SURFACE('',#2083,0.499999999999998);
#19=CYLINDRICAL_SURFACE('',#2086,0.499999999999998);
#20=CYLINDRICAL_SURFACE('',#2089,0.499999999999998);
#21=CYLINDRICAL_SURFACE('',#2092,0.5);
#22=CYLINDRICAL_SURFACE('',#2095,0.5);
#23=CYLINDRICAL_SURFACE('',#2098,0.500000000000003);
#24=CYLINDRICAL_SURFACE('',#2101,0.499999999999998);
#25=CYLINDRICAL_SURFACE('',#2104,0.499999999999998);
#26=CYLINDRICAL_SURFACE('',#2107,0.5);
#27=CYLINDRICAL_SURFACE('',#2110,0.499999999999998);
#28=CYLINDRICAL_SURFACE('',#2113,0.500000000000003);
#29=CYLINDRICAL_SURFACE('',#2116,0.499999999999998);
#30=CYLINDRICAL_SURFACE('',#2119,0.499999999999998);
#31=CYLINDRICAL_SURFACE('',#2122,0.500000000000003);
#32=CYLINDRICAL_SURFACE('',#2125,0.499999999999998);
#33=CYLINDRICAL_SURFACE('',#2128,0.499999999999998);
#34=CYLINDRICAL_SURFACE('',#2131,0.499999999999998);
#35=CYLINDRICAL_SURFACE('',#2134,0.499999999999998);
#36=CYLINDRICAL_SURFACE('',#2137,0.500000000000003);
#37=CYLINDRICAL_SURFACE('',#2140,0.5);
#38=CYLINDRICAL_SURFACE('',#2143,0.499999999999998);
#39=CYLINDRICAL_SURFACE('',#2146,0.499999999999998);
#40=CYLINDRICAL_SURFACE('',#2149,0.499999999999998);
#41=CYLINDRICAL_SURFACE('',#2152,0.499999999999998);
#42=CYLINDRICAL_SURFACE('',#2155,0.5);
#43=CYLINDRICAL_SURFACE('',#2158,0.500000000000003);
#44=CYLINDRICAL_SURFACE('',#2161,0.500000000000003);
#45=CYLINDRICAL_SURFACE('',#2164,0.499999999999998);
#46=CYLINDRICAL_SURFACE('',#2167,0.499999999999998);
#47=CYLINDRICAL_SURFACE('',#2170,0.499999999999998);
#48=CYLINDRICAL_SURFACE('',#2173,0.499999999999998);
#49=CYLINDRICAL_SURFACE('',#2176,0.5);
#50=CYLINDRICAL_SURFACE('',#2179,0.499999999999998);
#51=CYLINDRICAL_SURFACE('',#2184,1.7);
#52=CYLINDRICAL_SURFACE('',#2186,1.7);
#53=CYLINDRICAL_SURFACE('',#2188,1.7);
#54=CYLINDRICAL_SURFACE('',#2193,1.7);
#55=CYLINDRICAL_SURFACE('',#2199,5.);
#56=CYLINDRICAL_SURFACE('',#2202,4.99999999999999);
#57=CYLINDRICAL_SURFACE('',#2205,5.);
#58=CYLINDRICAL_SURFACE('',#2208,5.00000000000002);
#59=FACE_BOUND('',#277,.T.);
#60=FACE_BOUND('',#278,.T.);
#61=FACE_BOUND('',#279,.T.);
#62=FACE_BOUND('',#280,.T.);
#63=FACE_BOUND('',#281,.T.);
#64=FACE_BOUND('',#282,.T.);
#65=FACE_BOUND('',#283,.T.);
#66=FACE_BOUND('',#284,.T.);
#67=FACE_BOUND('',#285,.T.);
#68=FACE_BOUND('',#286,.T.);
#69=FACE_BOUND('',#287,.T.);
#70=FACE_BOUND('',#288,.T.);
#71=FACE_BOUND('',#289,.T.);
#72=FACE_BOUND('',#290,.T.);
#73=FACE_BOUND('',#291,.T.);
#74=FACE_BOUND('',#388,.T.);
#75=FACE_BOUND('',#389,.T.);
#76=FACE_BOUND('',#390,.T.);
#77=FACE_BOUND('',#391,.T.);
#78=FACE_BOUND('',#392,.T.);
#79=FACE_BOUND('',#393,.T.);
#80=FACE_BOUND('',#394,.T.);
#81=FACE_BOUND('',#395,.T.);
#82=FACE_BOUND('',#396,.T.);
#83=FACE_BOUND('',#397,.T.);
#84=FACE_BOUND('',#398,.T.);
#85=FACE_BOUND('',#399,.T.);
#86=FACE_BOUND('',#400,.T.);
#87=FACE_BOUND('',#401,.T.);
#88=FACE_BOUND('',#402,.T.);
#89=CIRCLE('',#2027,5.00000000000002);
#90=CIRCLE('',#2028,5.);
#91=CIRCLE('',#2029,4.99999999999999);
#92=CIRCLE('',#2030,5.);
#93=CIRCLE('',#2031,1.7);
#94=CIRCLE('',#2032,1.7);
#95=CIRCLE('',#2033,1.7);
#96=CIRCLE('',#2034,1.7);
#97=CIRCLE('',#2035,0.499999999999998);
#98=CIRCLE('',#2036,0.499999999999998);
#99=CIRCLE('',#2037,0.5);
#100=CIRCLE('',#2038,0.499999999999998);
#101=CIRCLE('',#2039,0.500000000000003);
#102=CIRCLE('',#2040,0.500000000000003);
#103=CIRCLE('',#2041,0.499999999999998);
#104=CIRCLE('',#2042,0.499999999999998);
#105=CIRCLE('',#2043,0.499999999999998);
#106=CIRCLE('',#2044,0.499999999999998);
#107=CIRCLE('',#2045,0.499999999999998);
#108=CIRCLE('',#2046,0.5);
#109=CIRCLE('',#2047,0.499999999999998);
#110=CIRCLE('',#2048,0.500000000000003);
#111=CIRCLE('',#2049,0.5);
#112=CIRCLE('',#2050,0.499999999999998);
#113=CIRCLE('',#2051,0.500000000000003);
#114=CIRCLE('',#2052,0.499999999999998);
#115=CIRCLE('',#2053,0.499999999999998);
#116=CIRCLE('',#2054,0.499999999999998);
#117=CIRCLE('',#2055,0.499999999999998);
#118=CIRCLE('',#2056,0.500000000000003);
#119=CIRCLE('',#2057,0.499999999999998);
#120=CIRCLE('',#2058,0.499999999999998);
#121=CIRCLE('',#2059,0.500000000000003);
#122=CIRCLE('',#2060,0.499999999999998);
#123=CIRCLE('',#2061,0.499999999999998);
#124=CIRCLE('',#2062,0.5);
#125=CIRCLE('',#2063,0.499999999999998);
#126=CIRCLE('',#2064,0.499999999999998);
#127=CIRCLE('',#2065,0.5);
#128=CIRCLE('',#2066,0.5);
#129=CIRCLE('',#2067,0.499999999999998);
#130=CIRCLE('',#2068,0.499999999999998);
#131=CIRCLE('',#2069,0.499999999999998);
#132=CIRCLE('',#2070,0.499999999999998);
#133=CIRCLE('',#2075,0.499999999999998);
#134=CIRCLE('',#2078,0.499999999999998);
#135=CIRCLE('',#2081,0.499999999999998);
#136=CIRCLE('',#2084,0.499999999999998);
#137=CIRCLE('',#2087,0.499999999999998);
#138=CIRCLE('',#2090,0.499999999999998);
#139=CIRCLE('',#2093,0.5);
#140=CIRCLE('',#2096,0.5);
#141=CIRCLE('',#2099,0.500000000000003);
#142=CIRCLE('',#2102,0.499999999999998);
#143=CIRCLE('',#2105,0.499999999999998);
#144=CIRCLE('',#2108,0.5);
#145=CIRCLE('',#2111,0.499999999999998);
#146=CIRCLE('',#2114,0.500000000000003);
#147=CIRCLE('',#2117,0.499999999999998);
#148=CIRCLE('',#2120,0.499999999999998);
#149=CIRCLE('',#2123,0.500000000000003);
#150=CIRCLE('',#2126,0.499999999999998);
#151=CIRCLE('',#2129,0.499999999999998);
#152=CIRCLE('',#2132,0.499999999999998);
#153=CIRCLE('',#2135,0.499999999999998);
#154=CIRCLE('',#2138,0.500000000000003);
#155=CIRCLE('',#2141,0.5);
#156=CIRCLE('',#2144,0.499999999999998);
#157=CIRCLE('',#2147,0.499999999999998);
#158=CIRCLE('',#2150,0.499999999999998);
#159=CIRCLE('',#2153,0.499999999999998);
#160=CIRCLE('',#2156,0.5);
#161=CIRCLE('',#2159,0.500000000000003);
#162=CIRCLE('',#2162,0.500000000000003);
#163=CIRCLE('',#2165,0.499999999999998);
#164=CIRCLE('',#2168,0.499999999999998);
#165=CIRCLE('',#2171,0.499999999999998);
#166=CIRCLE('',#2174,0.499999999999998);
#167=CIRCLE('',#2177,0.5);
#168=CIRCLE('',#2180,0.499999999999998);
#169=CIRCLE('',#2185,1.7);
#170=CIRCLE('',#2187,1.7);
#171=CIRCLE('',#2189,1.7);
#172=CIRCLE('',#2194,1.7);
#173=CIRCLE('',#2200,5.);
#174=CIRCLE('',#2203,4.99999999999999);
#175=CIRCLE('',#2206,5.);
#176=CIRCLE('',#2209,5.00000000000002);
#177=FACE_OUTER_BOUND('',#275,.T.);
#178=FACE_OUTER_BOUND('',#276,.T.);
#179=FACE_OUTER_BOUND('',#292,.T.);
#180=FACE_OUTER_BOUND('',#293,.T.);
#181=FACE_OUTER_BOUND('',#294,.T.);
#182=FACE_OUTER_BOUND('',#295,.T.);
#183=FACE_OUTER_BOUND('',#296,.T.);
#184=FACE_OUTER_BOUND('',#297,.T.);
#185=FACE_OUTER_BOUND('',#298,.T.);
#186=FACE_OUTER_BOUND('',#299,.T.);
#187=FACE_OUTER_BOUND('',#300,.T.);
#188=FACE_OUTER_BOUND('',#301,.T.);
#189=FACE_OUTER_BOUND('',#302,.T.);
#190=FACE_OUTER_BOUND('',#303,.T.);
#191=FACE_OUTER_BOUND('',#304,.T.);
#192=FACE_OUTER_BOUND('',#305,.T.);
#193=FACE_OUTER_BOUND('',#306,.T.);
#194=FACE_OUTER_BOUND('',#307,.T.);
#195=FACE_OUTER_BOUND('',#308,.T.);
#196=FACE_OUTER_BOUND('',#309,.T.);
#197=FACE_OUTER_BOUND('',#310,.T.);
#198=FACE_OUTER_BOUND('',#311,.T.);
#199=FACE_OUTER_BOUND('',#312,.T.);
#200=FACE_OUTER_BOUND('',#313,.T.);
#201=FACE_OUTER_BOUND('',#314,.T.);
#202=FACE_OUTER_BOUND('',#315,.T.);
#203=FACE_OUTER_BOUND('',#316,.T.);
#204=FACE_OUTER_BOUND('',#317,.T.);
#205=FACE_OUTER_BOUND('',#318,.T.);
#206=FACE_OUTER_BOUND('',#319,.T.);
#207=FACE_OUTER_BOUND('',#320,.T.);
#208=FACE_OUTER_BOUND('',#321,.T.);
#209=FACE_OUTER_BOUND('',#322,.T.);
#210=FACE_OUTER_BOUND('',#323,.T.);
#211=FACE_OUTER_BOUND('',#324,.T.);
#212=FACE_OUTER_BOUND('',#325,.T.);
#213=FACE_OUTER_BOUND('',#326,.T.);
#214=FACE_OUTER_BOUND('',#327,.T.);
#215=FACE_OUTER_BOUND('',#328,.T.);
#216=FACE_OUTER_BOUND('',#329,.T.);
#217=FACE_OUTER_BOUND('',#330,.T.);
#218=FACE_OUTER_BOUND('',#331,.T.);
#219=FACE_OUTER_BOUND('',#332,.T.);
#220=FACE_OUTER_BOUND('',#333,.T.);
#221=FACE_OUTER_BOUND('',#334,.T.);
#222=FACE_OUTER_BOUND('',#335,.T.);
#223=FACE_OUTER_BOUND('',#336,.T.);
#224=FACE_OUTER_BOUND('',#337,.T.);
#225=FACE_OUTER_BOUND('',#338,.T.);
#226=FACE_OUTER_BOUND('',#339,.T.);
#227=FACE_OUTER_BOUND('',#340,.T.);
#228=FACE_OUTER_BOUND('',#341,.T.);
#229=FACE_OUTER_BOUND('',#342,.T.);
#230=FACE_OUTER_BOUND('',#343,.T.);
#231=FACE_OUTER_BOUND('',#344,.T.);
#232=FACE_OUTER_BOUND('',#345,.T.);
#233=FACE_OUTER_BOUND('',#346,.T.);
#234=FACE_OUTER_BOUND('',#347,.T.);
#235=FACE_OUTER_BOUND('',#348,.T.);
#236=FACE_OUTER_BOUND('',#349,.T.);
#237=FACE_OUTER_BOUND('',#350,.T.);
#238=FACE_OUTER_BOUND('',#351,.T.);
#239=FACE_OUTER_BOUND('',#352,.T.);
#240=FACE_OUTER_BOUND('',#353,.T.);
#241=FACE_OUTER_BOUND('',#354,.T.);
#242=FACE_OUTER_BOUND('',#355,.T.);
#243=FACE_OUTER_BOUND('',#356,.T.);
#244=FACE_OUTER_BOUND('',#357,.T.);
#245=FACE_OUTER_BOUND('',#358,.T.);
#246=FACE_OUTER_BOUND('',#359,.T.);
#247=FACE_OUTER_BOUND('',#360,.T.);
#248=FACE_OUTER_BOUND('',#361,.T.);
#249=FACE_OUTER_BOUND('',#362,.T.);
#250=FACE_OUTER_BOUND('',#363,.T.);
#251=FACE_OUTER_BOUND('',#364,.T.);
#252=FACE_OUTER_BOUND('',#365,.T.);
#253=FACE_OUTER_BOUND('',#366,.T.);
#254=FACE_OUTER_BOUND('',#367,.T.);
#255=FACE_OUTER_BOUND('',#368,.T.);
#256=FACE_OUTER_BOUND('',#369,.T.);
#257=FACE_OUTER_BOUND('',#370,.T.);
#258=FACE_OUTER_BOUND('',#371,.T.);
#259=FACE_OUTER_BOUND('',#372,.T.);
#260=FACE_OUTER_BOUND('',#373,.T.);
#261=FACE_OUTER_BOUND('',#374,.T.);
#262=FACE_OUTER_BOUND('',#375,.T.);
#263=FACE_OUTER_BOUND('',#376,.T.);
#264=FACE_OUTER_BOUND('',#377,.T.);
#265=FACE_OUTER_BOUND('',#378,.T.);
#266=FACE_OUTER_BOUND('',#379,.T.);
#267=FACE_OUTER_BOUND('',#380,.T.);
#268=FACE_OUTER_BOUND('',#381,.T.);
#269=FACE_OUTER_BOUND('',#382,.T.);
#270=FACE_OUTER_BOUND('',#383,.T.);
#271=FACE_OUTER_BOUND('',#384,.T.);
#272=FACE_OUTER_BOUND('',#385,.T.);
#273=FACE_OUTER_BOUND('',#386,.T.);
#274=FACE_OUTER_BOUND('',#387,.T.);
#275=EDGE_LOOP('',(#1283,#1284,#1285,#1286));
#276=EDGE_LOOP('',(#1287,#1288,#1289,#1290,#1291,#1292,#1293,#1294,#1295,
#1296,#1297,#1298));
#277=EDGE_LOOP('',(#1299,#1300,#1301,#1302));
#278=EDGE_LOOP('',(#1303));
#279=EDGE_LOOP('',(#1304));
#280=EDGE_LOOP('',(#1305));
#281=EDGE_LOOP('',(#1306,#1307,#1308,#1309));
#282=EDGE_LOOP('',(#1310));
#283=EDGE_LOOP('',(#1311,#1312,#1313,#1314,#1315,#1316,#1317,#1318));
#284=EDGE_LOOP('',(#1319,#1320,#1321,#1322,#1323,#1324,#1325,#1326));
#285=EDGE_LOOP('',(#1327,#1328,#1329,#1330,#1331,#1332,#1333,#1334));
#286=EDGE_LOOP('',(#1335,#1336,#1337,#1338,#1339,#1340,#1341,#1342));
#287=EDGE_LOOP('',(#1343,#1344,#1345,#1346,#1347,#1348,#1349,#1350));
#288=EDGE_LOOP('',(#1351,#1352,#1353,#1354,#1355,#1356,#1357,#1358));
#289=EDGE_LOOP('',(#1359,#1360,#1361,#1362,#1363,#1364,#1365,#1366));
#290=EDGE_LOOP('',(#1367,#1368,#1369,#1370,#1371,#1372,#1373,#1374));
#291=EDGE_LOOP('',(#1375,#1376,#1377,#1378,#1379,#1380,#1381,#1382));
#292=EDGE_LOOP('',(#1383,#1384,#1385,#1386));
#293=EDGE_LOOP('',(#1387,#1388,#1389,#1390));
#294=EDGE_LOOP('',(#1391,#1392,#1393,#1394));
#295=EDGE_LOOP('',(#1395,#1396,#1397,#1398));
#296=EDGE_LOOP('',(#1399,#1400,#1401,#1402));
#297=EDGE_LOOP('',(#1403,#1404,#1405,#1406));
#298=EDGE_LOOP('',(#1407,#1408,#1409,#1410));
#299=EDGE_LOOP('',(#1411,#1412,#1413,#1414));
#300=EDGE_LOOP('',(#1415,#1416,#1417,#1418));
#301=EDGE_LOOP('',(#1419,#1420,#1421,#1422));
#302=EDGE_LOOP('',(#1423,#1424,#1425,#1426));
#303=EDGE_LOOP('',(#1427,#1428,#1429,#1430));
#304=EDGE_LOOP('',(#1431,#1432,#1433,#1434));
#305=EDGE_LOOP('',(#1435,#1436,#1437,#1438));
#306=EDGE_LOOP('',(#1439,#1440,#1441,#1442));
#307=EDGE_LOOP('',(#1443,#1444,#1445,#1446));
#308=EDGE_LOOP('',(#1447,#1448,#1449,#1450));
#309=EDGE_LOOP('',(#1451,#1452,#1453,#1454));
#310=EDGE_LOOP('',(#1455,#1456,#1457,#1458));
#311=EDGE_LOOP('',(#1459,#1460,#1461,#1462));
#312=EDGE_LOOP('',(#1463,#1464,#1465,#1466));
#313=EDGE_LOOP('',(#1467,#1468,#1469,#1470));
#314=EDGE_LOOP('',(#1471,#1472,#1473,#1474));
#315=EDGE_LOOP('',(#1475,#1476,#1477,#1478));
#316=EDGE_LOOP('',(#1479,#1480,#1481,#1482));
#317=EDGE_LOOP('',(#1483,#1484,#1485,#1486));
#318=EDGE_LOOP('',(#1487,#1488,#1489,#1490));
#319=EDGE_LOOP('',(#1491,#1492,#1493,#1494));
#320=EDGE_LOOP('',(#1495,#1496,#1497,#1498));
#321=EDGE_LOOP('',(#1499,#1500,#1501,#1502));
#322=EDGE_LOOP('',(#1503,#1504,#1505,#1506));
#323=EDGE_LOOP('',(#1507,#1508,#1509,#1510));
#324=EDGE_LOOP('',(#1511,#1512,#1513,#1514));
#325=EDGE_LOOP('',(#1515,#1516,#1517,#1518));
#326=EDGE_LOOP('',(#1519,#1520,#1521,#1522));
#327=EDGE_LOOP('',(#1523,#1524,#1525,#1526));
#328=EDGE_LOOP('',(#1527,#1528,#1529,#1530));
#329=EDGE_LOOP('',(#1531,#1532,#1533,#1534));
#330=EDGE_LOOP('',(#1535,#1536,#1537,#1538));
#331=EDGE_LOOP('',(#1539,#1540,#1541,#1542));
#332=EDGE_LOOP('',(#1543,#1544,#1545,#1546));
#333=EDGE_LOOP('',(#1547,#1548,#1549,#1550));
#334=EDGE_LOOP('',(#1551,#1552,#1553,#1554));
#335=EDGE_LOOP('',(#1555,#1556,#1557,#1558));
#336=EDGE_LOOP('',(#1559,#1560,#1561,#1562));
#337=EDGE_LOOP('',(#1563,#1564,#1565,#1566));
#338=EDGE_LOOP('',(#1567,#1568,#1569,#1570));
#339=EDGE_LOOP('',(#1571,#1572,#1573,#1574));
#340=EDGE_LOOP('',(#1575,#1576,#1577,#1578));
#341=EDGE_LOOP('',(#1579,#1580,#1581,#1582));
#342=EDGE_LOOP('',(#1583,#1584,#1585,#1586));
#343=EDGE_LOOP('',(#1587,#1588,#1589,#1590));
#344=EDGE_LOOP('',(#1591,#1592,#1593,#1594));
#345=EDGE_LOOP('',(#1595,#1596,#1597,#1598));
#346=EDGE_LOOP('',(#1599,#1600,#1601,#1602));
#347=EDGE_LOOP('',(#1603,#1604,#1605,#1606));
#348=EDGE_LOOP('',(#1607,#1608,#1609,#1610));
#349=EDGE_LOOP('',(#1611,#1612,#1613,#1614));
#350=EDGE_LOOP('',(#1615,#1616,#1617,#1618));
#351=EDGE_LOOP('',(#1619,#1620,#1621,#1622));
#352=EDGE_LOOP('',(#1623,#1624,#1625,#1626));
#353=EDGE_LOOP('',(#1627,#1628,#1629,#1630));
#354=EDGE_LOOP('',(#1631,#1632,#1633,#1634));
#355=EDGE_LOOP('',(#1635,#1636,#1637,#1638));
#356=EDGE_LOOP('',(#1639,#1640,#1641,#1642));
#357=EDGE_LOOP('',(#1643,#1644,#1645,#1646));
#358=EDGE_LOOP('',(#1647,#1648,#1649,#1650));
#359=EDGE_LOOP('',(#1651,#1652,#1653,#1654));
#360=EDGE_LOOP('',(#1655,#1656,#1657,#1658));
#361=EDGE_LOOP('',(#1659,#1660,#1661,#1662));
#362=EDGE_LOOP('',(#1663,#1664,#1665,#1666));
#363=EDGE_LOOP('',(#1667,#1668,#1669,#1670));
#364=EDGE_LOOP('',(#1671,#1672,#1673,#1674));
#365=EDGE_LOOP('',(#1675,#1676,#1677,#1678));
#366=EDGE_LOOP('',(#1679,#1680,#1681,#1682));
#367=EDGE_LOOP('',(#1683,#1684,#1685,#1686));
#368=EDGE_LOOP('',(#1687,#1688,#1689,#1690));
#369=EDGE_LOOP('',(#1691,#1692,#1693,#1694));
#370=EDGE_LOOP('',(#1695,#1696,#1697,#1698));
#371=EDGE_LOOP('',(#1699,#1700,#1701,#1702));
#372=EDGE_LOOP('',(#1703,#1704,#1705,#1706));
#373=EDGE_LOOP('',(#1707,#1708,#1709,#1710));
#374=EDGE_LOOP('',(#1711,#1712,#1713,#1714));
#375=EDGE_LOOP('',(#1715,#1716,#1717,#1718));
#376=EDGE_LOOP('',(#1719,#1720,#1721,#1722));
#377=EDGE_LOOP('',(#1723,#1724,#1725,#1726));
#378=EDGE_LOOP('',(#1727,#1728,#1729,#1730));
#379=EDGE_LOOP('',(#1731,#1732,#1733,#1734));
#380=EDGE_LOOP('',(#1735,#1736,#1737,#1738));
#381=EDGE_LOOP('',(#1739,#1740,#1741,#1742));
#382=EDGE_LOOP('',(#1743,#1744,#1745,#1746));
#383=EDGE_LOOP('',(#1747,#1748,#1749,#1750));
#384=EDGE_LOOP('',(#1751,#1752,#1753,#1754));
#385=EDGE_LOOP('',(#1755,#1756,#1757,#1758));
#386=EDGE_LOOP('',(#1759,#1760,#1761,#1762));
#387=EDGE_LOOP('',(#1763,#1764,#1765,#1766,#1767,#1768,#1769,#1770,#1771,
#1772,#1773,#1774));
#388=EDGE_LOOP('',(#1775,#1776,#1777,#1778));
#389=EDGE_LOOP('',(#1779,#1780,#1781,#1782));
#390=EDGE_LOOP('',(#1783,#1784,#1785,#1786,#1787,#1788,#1789,#1790));
#391=EDGE_LOOP('',(#1791,#1792,#1793,#1794,#1795,#1796,#1797,#1798));
#392=EDGE_LOOP('',(#1799,#1800,#1801,#1802,#1803,#1804,#1805,#1806));
#393=EDGE_LOOP('',(#1807,#1808,#1809,#1810,#1811,#1812,#1813,#1814));
#394=EDGE_LOOP('',(#1815,#1816,#1817,#1818,#1819,#1820,#1821,#1822));
#395=EDGE_LOOP('',(#1823,#1824,#1825,#1826,#1827,#1828,#1829,#1830));
#396=EDGE_LOOP('',(#1831,#1832,#1833,#1834,#1835,#1836,#1837,#1838));
#397=EDGE_LOOP('',(#1839,#1840,#1841,#1842,#1843,#1844,#1845,#1846));
#398=EDGE_LOOP('',(#1847,#1848,#1849,#1850,#1851,#1852,#1853,#1854));
#399=EDGE_LOOP('',(#1855));
#400=EDGE_LOOP('',(#1856));
#401=EDGE_LOOP('',(#1857));
#402=EDGE_LOOP('',(#1858));
#403=LINE('',#2789,#603);
#404=LINE('',#2791,#604);
#405=LINE('',#2793,#605);
#406=LINE('',#2794,#606);
#407=LINE('',#2798,#607);
#408=LINE('',#2800,#608);
#409=LINE('',#2802,#609);
#410=LINE('',#2804,#610);
#411=LINE('',#2808,#611);
#412=LINE('',#2812,#612);
#413=LINE('',#2816,#613);
#414=LINE('',#2819,#614);
#415=LINE('',#2821,#615);
#416=LINE('',#2823,#616);
#417=LINE('',#2824,#617);
#418=LINE('',#2833,#618);
#419=LINE('',#2835,#619);
#420=LINE('',#2837,#620);
#421=LINE('',#2838,#621);
#422=LINE('',#2843,#622);
#423=LINE('',#2847,#623);
#424=LINE('',#2851,#624);
#425=LINE('',#2855,#625);
#426=LINE('',#2859,#626);
#427=LINE('',#2863,#627);
#428=LINE('',#2867,#628);
#429=LINE('',#2871,#629);
#430=LINE('',#2875,#630);
#431=LINE('',#2879,#631);
#432=LINE('',#2883,#632);
#433=LINE('',#2887,#633);
#434=LINE('',#2891,#634);
#435=LINE('',#2895,#635);
#436=LINE('',#2899,#636);
#437=LINE('',#2903,#637);
#438=LINE('',#2907,#638);
#439=LINE('',#2911,#639);
#440=LINE('',#2915,#640);
#441=LINE('',#2919,#641);
#442=LINE('',#2923,#642);
#443=LINE('',#2927,#643);
#444=LINE('',#2931,#644);
#445=LINE('',#2935,#645);
#446=LINE('',#2939,#646);
#447=LINE('',#2943,#647);
#448=LINE('',#2947,#648);
#449=LINE('',#2951,#649);
#450=LINE('',#2955,#650);
#451=LINE('',#2959,#651);
#452=LINE('',#2963,#652);
#453=LINE('',#2967,#653);
#454=LINE('',#2971,#654);
#455=LINE('',#2975,#655);
#456=LINE('',#2979,#656);
#457=LINE('',#2983,#657);
#458=LINE('',#2988,#658);
#459=LINE('',#2989,#659);
#460=LINE('',#2990,#660);
#461=LINE('',#2994,#661);
#462=LINE('',#2995,#662);
#463=LINE('',#2996,#663);
#464=LINE('',#3000,#664);
#465=LINE('',#3001,#665);
#466=LINE('',#3002,#666);
#467=LINE('',#3006,#667);
#468=LINE('',#3009,#668);
#469=LINE('',#3010,#669);
#470=LINE('',#3014,#670);
#471=LINE('',#3017,#671);
#472=LINE('',#3018,#672);
#473=LINE('',#3022,#673);
#474=LINE('',#3025,#674);
#475=LINE('',#3026,#675);
#476=LINE('',#3032,#676);
#477=LINE('',#3033,#677);
#478=LINE('',#3034,#678);
#479=LINE('',#3038,#679);
#480=LINE('',#3041,#680);
#481=LINE('',#3042,#681);
#482=LINE('',#3046,#682);
#483=LINE('',#3049,#683);
#484=LINE('',#3050,#684);
#485=LINE('',#3054,#685);
#486=LINE('',#3057,#686);
#487=LINE('',#3058,#687);
#488=LINE('',#3064,#688);
#489=LINE('',#3065,#689);
#490=LINE('',#3066,#690);
#491=LINE('',#3070,#691);
#492=LINE('',#3073,#692);
#493=LINE('',#3074,#693);
#494=LINE('',#3078,#694);
#495=LINE('',#3081,#695);
#496=LINE('',#3082,#696);
#497=LINE('',#3086,#697);
#498=LINE('',#3089,#698);
#499=LINE('',#3090,#699);
#500=LINE('',#3096,#700);
#501=LINE('',#3097,#701);
#502=LINE('',#3098,#702);
#503=LINE('',#3102,#703);
#504=LINE('',#3105,#704);
#505=LINE('',#3106,#705);
#506=LINE('',#3110,#706);
#507=LINE('',#3113,#707);
#508=LINE('',#3114,#708);
#509=LINE('',#3118,#709);
#510=LINE('',#3121,#710);
#511=LINE('',#3122,#711);
#512=LINE('',#3128,#712);
#513=LINE('',#3129,#713);
#514=LINE('',#3130,#714);
#515=LINE('',#3134,#715);
#516=LINE('',#3137,#716);
#517=LINE('',#3138,#717);
#518=LINE('',#3142,#718);
#519=LINE('',#3145,#719);
#520=LINE('',#3146,#720);
#521=LINE('',#3150,#721);
#522=LINE('',#3153,#722);
#523=LINE('',#3154,#723);
#524=LINE('',#3160,#724);
#525=LINE('',#3161,#725);
#526=LINE('',#3162,#726);
#527=LINE('',#3166,#727);
#528=LINE('',#3169,#728);
#529=LINE('',#3170,#729);
#530=LINE('',#3174,#730);
#531=LINE('',#3177,#731);
#532=LINE('',#3178,#732);
#533=LINE('',#3182,#733);
#534=LINE('',#3185,#734);
#535=LINE('',#3186,#735);
#536=LINE('',#3192,#736);
#537=LINE('',#3193,#737);
#538=LINE('',#3194,#738);
#539=LINE('',#3198,#739);
#540=LINE('',#3201,#740);
#541=LINE('',#3202,#741);
#542=LINE('',#3206,#742);
#543=LINE('',#3209,#743);
#544=LINE('',#3210,#744);
#545=LINE('',#3214,#745);
#546=LINE('',#3217,#746);
#547=LINE('',#3218,#747);
#548=LINE('',#3224,#748);
#549=LINE('',#3225,#749);
#550=LINE('',#3226,#750);
#551=LINE('',#3230,#751);
#552=LINE('',#3233,#752);
#553=LINE('',#3234,#753);
#554=LINE('',#3238,#754);
#555=LINE('',#3241,#755);
#556=LINE('',#3242,#756);
#557=LINE('',#3246,#757);
#558=LINE('',#3249,#758);
#559=LINE('',#3250,#759);
#560=LINE('',#3256,#760);
#561=LINE('',#3257,#761);
#562=LINE('',#3258,#762);
#563=LINE('',#3262,#763);
#564=LINE('',#3265,#764);
#565=LINE('',#3266,#765);
#566=LINE('',#3270,#766);
#567=LINE('',#3273,#767);
#568=LINE('',#3274,#768);
#569=LINE('',#3278,#769);
#570=LINE('',#3281,#770);
#571=LINE('',#3282,#771);
#572=LINE('',#3288,#772);
#573=LINE('',#3289,#773);
#574=LINE('',#3290,#774);
#575=LINE('',#3292,#775);
#576=LINE('',#3294,#776);
#577=LINE('',#3297,#777);
#578=LINE('',#3301,#778);
#579=LINE('',#3305,#779);
#580=LINE('',#3310,#780);
#581=LINE('',#3311,#781);
#582=LINE('',#3312,#782);
#583=LINE('',#3314,#783);
#584=LINE('',#3316,#784);
#585=LINE('',#3319,#785);
#586=LINE('',#3324,#786);
#587=LINE('',#3325,#787);
#588=LINE('',#3326,#788);
#589=LINE('',#3328,#789);
#590=LINE('',#3331,#790);
#591=LINE('',#3332,#791);
#592=LINE('',#3335,#792);
#593=LINE('',#3336,#793);
#594=LINE('',#3340,#794);
#595=LINE('',#3343,#795);
#596=LINE('',#3344,#796);
#597=LINE('',#3348,#797);
#598=LINE('',#3351,#798);
#599=LINE('',#3352,#799);
#600=LINE('',#3356,#800);
#601=LINE('',#3359,#801);
#602=LINE('',#3360,#802);
#603=VECTOR('',#2215,10.);
#604=VECTOR('',#2216,10.);
#605=VECTOR('',#2217,10.);
#606=VECTOR('',#2218,10.);
#607=VECTOR('',#2221,10.);
#608=VECTOR('',#2222,10.);
#609=VECTOR('',#2223,10.);
#610=VECTOR('',#2224,10.);
#611=VECTOR('',#2227,10.);
#612=VECTOR('',#2230,10.);
#613=VECTOR('',#2233,10.);
#614=VECTOR('',#2236,10.);
#615=VECTOR('',#2237,10.);
#616=VECTOR('',#2238,10.);
#617=VECTOR('',#2239,10.);
#618=VECTOR('',#2246,10.);
#619=VECTOR('',#2247,10.);
#620=VECTOR('',#2248,10.);
#621=VECTOR('',#2249,10.);
#622=VECTOR('',#2252,10.);
#623=VECTOR('',#2255,10.);
#624=VECTOR('',#2258,10.);
#625=VECTOR('',#2261,10.);
#626=VECTOR('',#2264,10.);
#627=VECTOR('',#2267,10.);
#628=VECTOR('',#2270,10.);
#629=VECTOR('',#2273,10.);
#630=VECTOR('',#2276,10.);
#631=VECTOR('',#2279,10.);
#632=VECTOR('',#2282,10.);
#633=VECTOR('',#2285,10.);
#634=VECTOR('',#2288,10.);
#635=VECTOR('',#2291,10.);
#636=VECTOR('',#2294,10.);
#637=VECTOR('',#2297,10.);
#638=VECTOR('',#2300,10.);
#639=VECTOR('',#2303,10.);
#640=VECTOR('',#2306,10.);
#641=VECTOR('',#2309,10.);
#642=VECTOR('',#2312,10.);
#643=VECTOR('',#2315,10.);
#644=VECTOR('',#2318,10.);
#645=VECTOR('',#2321,10.);
#646=VECTOR('',#2324,10.);
#647=VECTOR('',#2327,10.);
#648=VECTOR('',#2330,10.);
#649=VECTOR('',#2333,10.);
#650=VECTOR('',#2336,10.);
#651=VECTOR('',#2339,10.);
#652=VECTOR('',#2342,10.);
#653=VECTOR('',#2345,10.);
#654=VECTOR('',#2348,10.);
#655=VECTOR('',#2351,10.);
#656=VECTOR('',#2354,10.);
#657=VECTOR('',#2357,10.);
#658=VECTOR('',#2362,10.);
#659=VECTOR('',#2363,10.);
#660=VECTOR('',#2364,10.);
#661=VECTOR('',#2367,10.);
#662=VECTOR('',#2368,10.);
#663=VECTOR('',#2369,10.);
#664=VECTOR('',#2372,10.);
#665=VECTOR('',#2373,10.);
#666=VECTOR('',#2374,10.);
#667=VECTOR('',#2379,10.);
#668=VECTOR('',#2382,10.);
#669=VECTOR('',#2383,10.);
#670=VECTOR('',#2388,10.);
#671=VECTOR('',#2391,10.);
#672=VECTOR('',#2392,10.);
#673=VECTOR('',#2397,10.);
#674=VECTOR('',#2400,10.);
#675=VECTOR('',#2401,10.);
#676=VECTOR('',#2408,10.);
#677=VECTOR('',#2409,10.);
#678=VECTOR('',#2410,10.);
#679=VECTOR('',#2415,10.);
#680=VECTOR('',#2418,10.);
#681=VECTOR('',#2419,10.);
#682=VECTOR('',#2424,10.);
#683=VECTOR('',#2427,10.);
#684=VECTOR('',#2428,10.);
#685=VECTOR('',#2433,10.);
#686=VECTOR('',#2436,10.);
#687=VECTOR('',#2437,10.);
#688=VECTOR('',#2444,10.);
#689=VECTOR('',#2445,10.);
#690=VECTOR('',#2446,10.);
#691=VECTOR('',#2451,10.);
#692=VECTOR('',#2454,10.);
#693=VECTOR('',#2455,10.);
#694=VECTOR('',#2460,10.);
#695=VECTOR('',#2463,10.);
#696=VECTOR('',#2464,10.);
#697=VECTOR('',#2469,10.);
#698=VECTOR('',#2472,10.);
#699=VECTOR('',#2473,10.);
#700=VECTOR('',#2480,10.);
#701=VECTOR('',#2481,10.);
#702=VECTOR('',#2482,10.);
#703=VECTOR('',#2487,10.);
#704=VECTOR('',#2490,10.);
#705=VECTOR('',#2491,10.);
#706=VECTOR('',#2496,10.);
#707=VECTOR('',#2499,10.);
#708=VECTOR('',#2500,10.);
#709=VECTOR('',#2505,10.);
#710=VECTOR('',#2508,10.);
#711=VECTOR('',#2509,10.);
#712=VECTOR('',#2516,10.);
#713=VECTOR('',#2517,10.);
#714=VECTOR('',#2518,10.);
#715=VECTOR('',#2523,10.);
#716=VECTOR('',#2526,10.);
#717=VECTOR('',#2527,10.);
#718=VECTOR('',#2532,10.);
#719=VECTOR('',#2535,10.);
#720=VECTOR('',#2536,10.);
#721=VECTOR('',#2541,10.);
#722=VECTOR('',#2544,10.);
#723=VECTOR('',#2545,10.);
#724=VECTOR('',#2552,10.);
#725=VECTOR('',#2553,10.);
#726=VECTOR('',#2554,10.);
#727=VECTOR('',#2559,10.);
#728=VECTOR('',#2562,10.);
#729=VECTOR('',#2563,10.);
#730=VECTOR('',#2568,10.);
#731=VECTOR('',#2571,10.);
#732=VECTOR('',#2572,10.);
#733=VECTOR('',#2577,10.);
#734=VECTOR('',#2580,10.);
#735=VECTOR('',#2581,10.);
#736=VECTOR('',#2588,10.);
#737=VECTOR('',#2589,10.);
#738=VECTOR('',#2590,10.);
#739=VECTOR('',#2595,10.);
#740=VECTOR('',#2598,10.);
#741=VECTOR('',#2599,10.);
#742=VECTOR('',#2604,10.);
#743=VECTOR('',#2607,10.);
#744=VECTOR('',#2608,10.);
#745=VECTOR('',#2613,10.);
#746=VECTOR('',#2616,10.);
#747=VECTOR('',#2617,10.);
#748=VECTOR('',#2624,10.);
#749=VECTOR('',#2625,10.);
#750=VECTOR('',#2626,10.);
#751=VECTOR('',#2631,10.);
#752=VECTOR('',#2634,10.);
#753=VECTOR('',#2635,10.);
#754=VECTOR('',#2640,10.);
#755=VECTOR('',#2643,10.);
#756=VECTOR('',#2644,10.);
#757=VECTOR('',#2649,10.);
#758=VECTOR('',#2652,10.);
#759=VECTOR('',#2653,10.);
#760=VECTOR('',#2660,10.);
#761=VECTOR('',#2661,10.);
#762=VECTOR('',#2662,10.);
#763=VECTOR('',#2667,10.);
#764=VECTOR('',#2670,10.);
#765=VECTOR('',#2671,10.);
#766=VECTOR('',#2676,10.);
#767=VECTOR('',#2679,10.);
#768=VECTOR('',#2680,10.);
#769=VECTOR('',#2685,10.);
#770=VECTOR('',#2688,10.);
#771=VECTOR('',#2689,10.);
#772=VECTOR('',#2696,10.);
#773=VECTOR('',#2697,10.);
#774=VECTOR('',#2698,10.);
#775=VECTOR('',#2701,10.);
#776=VECTOR('',#2704,10.);
#777=VECTOR('',#2707,1.7);
#778=VECTOR('',#2712,1.7);
#779=VECTOR('',#2717,1.7);
#780=VECTOR('',#2722,10.);
#781=VECTOR('',#2723,10.);
#782=VECTOR('',#2724,10.);
#783=VECTOR('',#2727,10.);
#784=VECTOR('',#2730,10.);
#785=VECTOR('',#2733,1.7);
#786=VECTOR('',#2738,10.);
#787=VECTOR('',#2739,10.);
#788=VECTOR('',#2740,10.);
#789=VECTOR('',#2743,10.);
#790=VECTOR('',#2746,10.);
#791=VECTOR('',#2747,10.);
#792=VECTOR('',#2750,10.);
#793=VECTOR('',#2751,10.);
#794=VECTOR('',#2756,10.);
#795=VECTOR('',#2759,10.);
#796=VECTOR('',#2760,10.);
#797=VECTOR('',#2765,10.);
#798=VECTOR('',#2768,10.);
#799=VECTOR('',#2769,10.);
#800=VECTOR('',#2774,10.);
#801=VECTOR('',#2777,10.);
#802=VECTOR('',#2778,10.);
#803=VERTEX_POINT('',#2787);
#804=VERTEX_POINT('',#2788);
#805=VERTEX_POINT('',#2790);
#806=VERTEX_POINT('',#2792);
#807=VERTEX_POINT('',#2796);
#808=VERTEX_POINT('',#2797);
#809=VERTEX_POINT('',#2799);
#810=VERTEX_POINT('',#2801);
#811=VERTEX_POINT('',#2803);
#812=VERTEX_POINT('',#2805);
#813=VERTEX_POINT('',#2807);
#814=VERTEX_POINT('',#2809);
#815=VERTEX_POINT('',#2811);
#816=VERTEX_POINT('',#2813);
#817=VERTEX_POINT('',#2815);
#818=VERTEX_POINT('',#2817);
#819=VERTEX_POINT('',#2820);
#820=VERTEX_POINT('',#2822);
#821=VERTEX_POINT('',#2825);
#822=VERTEX_POINT('',#2827);
#823=VERTEX_POINT('',#2829);
#824=VERTEX_POINT('',#2831);
#825=VERTEX_POINT('',#2832);
#826=VERTEX_POINT('',#2834);
#827=VERTEX_POINT('',#2836);
#828=VERTEX_POINT('',#2839);
#829=VERTEX_POINT('',#2841);
#830=VERTEX_POINT('',#2842);
#831=VERTEX_POINT('',#2844);
#832=VERTEX_POINT('',#2846);
#833=VERTEX_POINT('',#2848);
#834=VERTEX_POINT('',#2850);
#835=VERTEX_POINT('',#2852);
#836=VERTEX_POINT('',#2854);
#837=VERTEX_POINT('',#2857);
#838=VERTEX_POINT('',#2858);
#839=VERTEX_POINT('',#2860);
#840=VERTEX_POINT('',#2862);
#841=VERTEX_POINT('',#2864);
#842=VERTEX_POINT('',#2866);
#843=VERTEX_POINT('',#2868);
#844=VERTEX_POINT('',#2870);
#845=VERTEX_POINT('',#2873);
#846=VERTEX_POINT('',#2874);
#847=VERTEX_POINT('',#2876);
#848=VERTEX_POINT('',#2878);
#849=VERTEX_POINT('',#2880);
#850=VERTEX_POINT('',#2882);
#851=VERTEX_POINT('',#2884);
#852=VERTEX_POINT('',#2886);
#853=VERTEX_POINT('',#2889);
#854=VERTEX_POINT('',#2890);
#855=VERTEX_POINT('',#2892);
#856=VERTEX_POINT('',#2894);
#857=VERTEX_POINT('',#2896);
#858=VERTEX_POINT('',#2898);
#859=VERTEX_POINT('',#2900);
#860=VERTEX_POINT('',#2902);
#861=VERTEX_POINT('',#2905);
#862=VERTEX_POINT('',#2906);
#863=VERTEX_POINT('',#2908);
#864=VERTEX_POINT('',#2910);
#865=VERTEX_POINT('',#2912);
#866=VERTEX_POINT('',#2914);
#867=VERTEX_POINT('',#2916);
#868=VERTEX_POINT('',#2918);
#869=VERTEX_POINT('',#2921);
#870=VERTEX_POINT('',#2922);
#871=VERTEX_POINT('',#2924);
#872=VERTEX_POINT('',#2926);
#873=VERTEX_POINT('',#2928);
#874=VERTEX_POINT('',#2930);
#875=VERTEX_POINT('',#2932);
#876=VERTEX_POINT('',#2934);
#877=VERTEX_POINT('',#2937);
#878=VERTEX_POINT('',#2938);
#879=VERTEX_POINT('',#2940);
#880=VERTEX_POINT('',#2942);
#881=VERTEX_POINT('',#2944);
#882=VERTEX_POINT('',#2946);
#883=VERTEX_POINT('',#2948);
#884=VERTEX_POINT('',#2950);
#885=VERTEX_POINT('',#2953);
#886=VERTEX_POINT('',#2954);
#887=VERTEX_POINT('',#2956);
#888=VERTEX_POINT('',#2958);
#889=VERTEX_POINT('',#2960);
#890=VERTEX_POINT('',#2962);
#891=VERTEX_POINT('',#2964);
#892=VERTEX_POINT('',#2966);
#893=VERTEX_POINT('',#2969);
#894=VERTEX_POINT('',#2970);
#895=VERTEX_POINT('',#2972);
#896=VERTEX_POINT('',#2974);
#897=VERTEX_POINT('',#2976);
#898=VERTEX_POINT('',#2978);
#899=VERTEX_POINT('',#2980);
#900=VERTEX_POINT('',#2982);
#901=VERTEX_POINT('',#2986);
#902=VERTEX_POINT('',#2987);
#903=VERTEX_POINT('',#2992);
#904=VERTEX_POINT('',#2993);
#905=VERTEX_POINT('',#2998);
#906=VERTEX_POINT('',#2999);
#907=VERTEX_POINT('',#3004);
#908=VERTEX_POINT('',#3008);
#909=VERTEX_POINT('',#3012);
#910=VERTEX_POINT('',#3016);
#911=VERTEX_POINT('',#3020);
#912=VERTEX_POINT('',#3024);
#913=VERTEX_POINT('',#3030);
#914=VERTEX_POINT('',#3031);
#915=VERTEX_POINT('',#3036);
#916=VERTEX_POINT('',#3040);
#917=VERTEX_POINT('',#3044);
#918=VERTEX_POINT('',#3048);
#919=VERTEX_POINT('',#3052);
#920=VERTEX_POINT('',#3056);
#921=VERTEX_POINT('',#3062);
#922=VERTEX_POINT('',#3063);
#923=VERTEX_POINT('',#3068);
#924=VERTEX_POINT('',#3072);
#925=VERTEX_POINT('',#3076);
#926=VERTEX_POINT('',#3080);
#927=VERTEX_POINT('',#3084);
#928=VERTEX_POINT('',#3088);
#929=VERTEX_POINT('',#3094);
#930=VERTEX_POINT('',#3095);
#931=VERTEX_POINT('',#3100);
#932=VERTEX_POINT('',#3104);
#933=VERTEX_POINT('',#3108);
#934=VERTEX_POINT('',#3112);
#935=VERTEX_POINT('',#3116);
#936=VERTEX_POINT('',#3120);
#937=VERTEX_POINT('',#3126);
#938=VERTEX_POINT('',#3127);
#939=VERTEX_POINT('',#3132);
#940=VERTEX_POINT('',#3136);
#941=VERTEX_POINT('',#3140);
#942=VERTEX_POINT('',#3144);
#943=VERTEX_POINT('',#3148);
#944=VERTEX_POINT('',#3152);
#945=VERTEX_POINT('',#3158);
#946=VERTEX_POINT('',#3159);
#947=VERTEX_POINT('',#3164);
#948=VERTEX_POINT('',#3168);
#949=VERTEX_POINT('',#3172);
#950=VERTEX_POINT('',#3176);
#951=VERTEX_POINT('',#3180);
#952=VERTEX_POINT('',#3184);
#953=VERTEX_POINT('',#3190);
#954=VERTEX_POINT('',#3191);
#955=VERTEX_POINT('',#3196);
#956=VERTEX_POINT('',#3200);
#957=VERTEX_POINT('',#3204);
#958=VERTEX_POINT('',#3208);
#959=VERTEX_POINT('',#3212);
#960=VERTEX_POINT('',#3216);
#961=VERTEX_POINT('',#3222);
#962=VERTEX_POINT('',#3223);
#963=VERTEX_POINT('',#3228);
#964=VERTEX_POINT('',#3232);
#965=VERTEX_POINT('',#3236);
#966=VERTEX_POINT('',#3240);
#967=VERTEX_POINT('',#3244);
#968=VERTEX_POINT('',#3248);
#969=VERTEX_POINT('',#3254);
#970=VERTEX_POINT('',#3255);
#971=VERTEX_POINT('',#3260);
#972=VERTEX_POINT('',#3264);
#973=VERTEX_POINT('',#3268);
#974=VERTEX_POINT('',#3272);
#975=VERTEX_POINT('',#3276);
#976=VERTEX_POINT('',#3280);
#977=VERTEX_POINT('',#3286);
#978=VERTEX_POINT('',#3287);
#979=VERTEX_POINT('',#3296);
#980=VERTEX_POINT('',#3300);
#981=VERTEX_POINT('',#3304);
#982=VERTEX_POINT('',#3308);
#983=VERTEX_POINT('',#3309);
#984=VERTEX_POINT('',#3318);
#985=VERTEX_POINT('',#3322);
#986=VERTEX_POINT('',#3323);
#987=VERTEX_POINT('',#3330);
#988=VERTEX_POINT('',#3334);
#989=VERTEX_POINT('',#3338);
#990=VERTEX_POINT('',#3342);
#991=VERTEX_POINT('',#3346);
#992=VERTEX_POINT('',#3350);
#993=VERTEX_POINT('',#3354);
#994=VERTEX_POINT('',#3358);
#995=EDGE_CURVE('',#803,#804,#403,.T.);
#996=EDGE_CURVE('',#805,#803,#404,.T.);
#997=EDGE_CURVE('',#806,#805,#405,.T.);
#998=EDGE_CURVE('',#804,#806,#406,.T.);
#999=EDGE_CURVE('',#807,#808,#407,.T.);
#1000=EDGE_CURVE('',#808,#809,#408,.T.);
#1001=EDGE_CURVE('',#809,#810,#409,.T.);
#1002=EDGE_CURVE('',#810,#811,#410,.T.);
#1003=EDGE_CURVE('',#811,#812,#89,.T.);
#1004=EDGE_CURVE('',#812,#813,#411,.T.);
#1005=EDGE_CURVE('',#813,#814,#90,.T.);
#1006=EDGE_CURVE('',#814,#815,#412,.T.);
#1007=EDGE_CURVE('',#815,#816,#91,.T.);
#1008=EDGE_CURVE('',#816,#817,#413,.T.);
#1009=EDGE_CURVE('',#817,#818,#92,.T.);
#1010=EDGE_CURVE('',#818,#807,#414,.T.);
#1011=EDGE_CURVE('',#819,#806,#415,.T.);
#1012=EDGE_CURVE('',#805,#820,#416,.T.);
#1013=EDGE_CURVE('',#820,#819,#417,.T.);
#1014=EDGE_CURVE('',#821,#821,#93,.T.);
#1015=EDGE_CURVE('',#822,#822,#94,.T.);
#1016=EDGE_CURVE('',#823,#823,#95,.T.);
#1017=EDGE_CURVE('',#824,#825,#418,.T.);
#1018=EDGE_CURVE('',#825,#826,#419,.T.);
#1019=EDGE_CURVE('',#826,#827,#420,.T.);
#1020=EDGE_CURVE('',#827,#824,#421,.T.);
#1021=EDGE_CURVE('',#828,#828,#96,.T.);
#1022=EDGE_CURVE('',#829,#830,#422,.T.);
#1023=EDGE_CURVE('',#830,#831,#97,.T.);
#1024=EDGE_CURVE('',#831,#832,#423,.T.);
#1025=EDGE_CURVE('',#832,#833,#98,.T.);
#1026=EDGE_CURVE('',#833,#834,#424,.T.);
#1027=EDGE_CURVE('',#834,#835,#99,.T.);
#1028=EDGE_CURVE('',#835,#836,#425,.T.);
#1029=EDGE_CURVE('',#836,#829,#100,.T.);
#1030=EDGE_CURVE('',#837,#838,#426,.T.);
#1031=EDGE_CURVE('',#838,#839,#101,.T.);
#1032=EDGE_CURVE('',#839,#840,#427,.T.);
#1033=EDGE_CURVE('',#840,#841,#102,.T.);
#1034=EDGE_CURVE('',#841,#842,#428,.T.);
#1035=EDGE_CURVE('',#842,#843,#103,.T.);
#1036=EDGE_CURVE('',#843,#844,#429,.T.);
#1037=EDGE_CURVE('',#844,#837,#104,.T.);
#1038=EDGE_CURVE('',#845,#846,#430,.T.);
#1039=EDGE_CURVE('',#846,#847,#105,.T.);
#1040=EDGE_CURVE('',#847,#848,#431,.T.);
#1041=EDGE_CURVE('',#848,#849,#106,.T.);
#1042=EDGE_CURVE('',#849,#850,#432,.T.);
#1043=EDGE_CURVE('',#850,#851,#107,.T.);
#1044=EDGE_CURVE('',#851,#852,#433,.T.);
#1045=EDGE_CURVE('',#852,#845,#108,.T.);
#1046=EDGE_CURVE('',#853,#854,#434,.T.);
#1047=EDGE_CURVE('',#854,#855,#109,.T.);
#1048=EDGE_CURVE('',#855,#856,#435,.T.);
#1049=EDGE_CURVE('',#856,#857,#110,.T.);
#1050=EDGE_CURVE('',#857,#858,#436,.T.);
#1051=EDGE_CURVE('',#858,#859,#111,.T.);
#1052=EDGE_CURVE('',#859,#860,#437,.T.);
#1053=EDGE_CURVE('',#860,#853,#112,.T.);
#1054=EDGE_CURVE('',#861,#862,#438,.T.);
#1055=EDGE_CURVE('',#862,#863,#113,.T.);
#1056=EDGE_CURVE('',#863,#864,#439,.T.);
#1057=EDGE_CURVE('',#864,#865,#114,.T.);
#1058=EDGE_CURVE('',#865,#866,#440,.T.);
#1059=EDGE_CURVE('',#866,#867,#115,.T.);
#1060=EDGE_CURVE('',#867,#868,#441,.T.);
#1061=EDGE_CURVE('',#868,#861,#116,.T.);
#1062=EDGE_CURVE('',#869,#870,#442,.T.);
#1063=EDGE_CURVE('',#870,#871,#117,.T.);
#1064=EDGE_CURVE('',#871,#872,#443,.T.);
#1065=EDGE_CURVE('',#872,#873,#118,.T.);
#1066=EDGE_CURVE('',#873,#874,#444,.T.);
#1067=EDGE_CURVE('',#874,#875,#119,.T.);
#1068=EDGE_CURVE('',#875,#876,#445,.T.);
#1069=EDGE_CURVE('',#876,#869,#120,.T.);
#1070=EDGE_CURVE('',#877,#878,#446,.T.);
#1071=EDGE_CURVE('',#878,#879,#121,.T.);
#1072=EDGE_CURVE('',#879,#880,#447,.T.);
#1073=EDGE_CURVE('',#880,#881,#122,.T.);
#1074=EDGE_CURVE('',#881,#882,#448,.T.);
#1075=EDGE_CURVE('',#882,#883,#123,.T.);
#1076=EDGE_CURVE('',#883,#884,#449,.T.);
#1077=EDGE_CURVE('',#884,#877,#124,.T.);
#1078=EDGE_CURVE('',#885,#886,#450,.T.);
#1079=EDGE_CURVE('',#886,#887,#125,.T.);
#1080=EDGE_CURVE('',#887,#888,#451,.T.);
#1081=EDGE_CURVE('',#888,#889,#126,.T.);
#1082=EDGE_CURVE('',#889,#890,#452,.T.);
#1083=EDGE_CURVE('',#890,#891,#127,.T.);
#1084=EDGE_CURVE('',#891,#892,#453,.T.);
#1085=EDGE_CURVE('',#892,#885,#128,.T.);
#1086=EDGE_CURVE('',#893,#894,#454,.T.);
#1087=EDGE_CURVE('',#894,#895,#129,.T.);
#1088=EDGE_CURVE('',#895,#896,#455,.T.);
#1089=EDGE_CURVE('',#896,#897,#130,.T.);
#1090=EDGE_CURVE('',#897,#898,#456,.T.);
#1091=EDGE_CURVE('',#898,#899,#131,.T.);
#1092=EDGE_CURVE('',#899,#900,#457,.T.);
#1093=EDGE_CURVE('',#900,#893,#132,.T.);
#1094=EDGE_CURVE('',#901,#902,#458,.T.);
#1095=EDGE_CURVE('',#826,#901,#459,.T.);
#1096=EDGE_CURVE('',#902,#825,#460,.T.);
#1097=EDGE_CURVE('',#903,#904,#461,.T.);
#1098=EDGE_CURVE('',#809,#903,#462,.T.);
#1099=EDGE_CURVE('',#904,#808,#463,.T.);
#1100=EDGE_CURVE('',#905,#906,#464,.T.);
#1101=EDGE_CURVE('',#905,#894,#465,.T.);
#1102=EDGE_CURVE('',#906,#893,#466,.T.);
#1103=EDGE_CURVE('',#907,#905,#133,.T.);
#1104=EDGE_CURVE('',#907,#895,#467,.T.);
#1105=EDGE_CURVE('',#908,#907,#468,.T.);
#1106=EDGE_CURVE('',#908,#896,#469,.T.);
#1107=EDGE_CURVE('',#909,#908,#134,.T.);
#1108=EDGE_CURVE('',#909,#897,#470,.T.);
#1109=EDGE_CURVE('',#910,#909,#471,.T.);
#1110=EDGE_CURVE('',#910,#898,#472,.T.);
#1111=EDGE_CURVE('',#911,#910,#135,.T.);
#1112=EDGE_CURVE('',#911,#899,#473,.T.);
#1113=EDGE_CURVE('',#912,#911,#474,.T.);
#1114=EDGE_CURVE('',#912,#900,#475,.T.);
#1115=EDGE_CURVE('',#906,#912,#136,.T.);
#1116=EDGE_CURVE('',#913,#914,#476,.T.);
#1117=EDGE_CURVE('',#913,#886,#477,.T.);
#1118=EDGE_CURVE('',#914,#885,#478,.T.);
#1119=EDGE_CURVE('',#915,#913,#137,.T.);
#1120=EDGE_CURVE('',#915,#887,#479,.T.);
#1121=EDGE_CURVE('',#916,#915,#480,.T.);
#1122=EDGE_CURVE('',#916,#888,#481,.T.);
#1123=EDGE_CURVE('',#917,#916,#138,.T.);
#1124=EDGE_CURVE('',#917,#889,#482,.T.);
#1125=EDGE_CURVE('',#918,#917,#483,.T.);
#1126=EDGE_CURVE('',#918,#890,#484,.T.);
#1127=EDGE_CURVE('',#919,#918,#139,.T.);
#1128=EDGE_CURVE('',#919,#891,#485,.T.);
#1129=EDGE_CURVE('',#920,#919,#486,.T.);
#1130=EDGE_CURVE('',#920,#892,#487,.T.);
#1131=EDGE_CURVE('',#914,#920,#140,.T.);
#1132=EDGE_CURVE('',#921,#922,#488,.T.);
#1133=EDGE_CURVE('',#921,#878,#489,.T.);
#1134=EDGE_CURVE('',#922,#877,#490,.T.);
#1135=EDGE_CURVE('',#923,#921,#141,.T.);
#1136=EDGE_CURVE('',#923,#879,#491,.T.);
#1137=EDGE_CURVE('',#924,#923,#492,.T.);
#1138=EDGE_CURVE('',#924,#880,#493,.T.);
#1139=EDGE_CURVE('',#925,#924,#142,.T.);
#1140=EDGE_CURVE('',#925,#881,#494,.T.);
#1141=EDGE_CURVE('',#926,#925,#495,.T.);
#1142=EDGE_CURVE('',#926,#882,#496,.T.);
#1143=EDGE_CURVE('',#927,#926,#143,.T.);
#1144=EDGE_CURVE('',#927,#883,#497,.T.);
#1145=EDGE_CURVE('',#928,#927,#498,.T.);
#1146=EDGE_CURVE('',#928,#884,#499,.T.);
#1147=EDGE_CURVE('',#922,#928,#144,.T.);
#1148=EDGE_CURVE('',#929,#930,#500,.T.);
#1149=EDGE_CURVE('',#929,#870,#501,.T.);
#1150=EDGE_CURVE('',#930,#869,#502,.T.);
#1151=EDGE_CURVE('',#931,#929,#145,.T.);
#1152=EDGE_CURVE('',#931,#871,#503,.T.);
#1153=EDGE_CURVE('',#932,#931,#504,.T.);
#1154=EDGE_CURVE('',#932,#872,#505,.T.);
#1155=EDGE_CURVE('',#933,#932,#146,.T.);
#1156=EDGE_CURVE('',#933,#873,#506,.T.);
#1157=EDGE_CURVE('',#934,#933,#507,.T.);
#1158=EDGE_CURVE('',#934,#874,#508,.T.);
#1159=EDGE_CURVE('',#935,#934,#147,.T.);
#1160=EDGE_CURVE('',#935,#875,#509,.T.);
#1161=EDGE_CURVE('',#936,#935,#510,.T.);
#1162=EDGE_CURVE('',#936,#876,#511,.T.);
#1163=EDGE_CURVE('',#930,#936,#148,.T.);
#1164=EDGE_CURVE('',#937,#938,#512,.T.);
#1165=EDGE_CURVE('',#937,#862,#513,.T.);
#1166=EDGE_CURVE('',#938,#861,#514,.T.);
#1167=EDGE_CURVE('',#939,#937,#149,.T.);
#1168=EDGE_CURVE('',#939,#863,#515,.T.);
#1169=EDGE_CURVE('',#940,#939,#516,.T.);
#1170=EDGE_CURVE('',#940,#864,#517,.T.);
#1171=EDGE_CURVE('',#941,#940,#150,.T.);
#1172=EDGE_CURVE('',#941,#865,#518,.T.);
#1173=EDGE_CURVE('',#942,#941,#519,.T.);
#1174=EDGE_CURVE('',#942,#866,#520,.T.);
#1175=EDGE_CURVE('',#943,#942,#151,.T.);
#1176=EDGE_CURVE('',#943,#867,#521,.T.);
#1177=EDGE_CURVE('',#944,#943,#522,.T.);
#1178=EDGE_CURVE('',#944,#868,#523,.T.);
#1179=EDGE_CURVE('',#938,#944,#152,.T.);
#1180=EDGE_CURVE('',#945,#946,#524,.T.);
#1181=EDGE_CURVE('',#945,#854,#525,.T.);
#1182=EDGE_CURVE('',#946,#853,#526,.T.);
#1183=EDGE_CURVE('',#947,#945,#153,.T.);
#1184=EDGE_CURVE('',#947,#855,#527,.T.);
#1185=EDGE_CURVE('',#948,#947,#528,.T.);
#1186=EDGE_CURVE('',#948,#856,#529,.T.);
#1187=EDGE_CURVE('',#949,#948,#154,.T.);
#1188=EDGE_CURVE('',#949,#857,#530,.T.);
#1189=EDGE_CURVE('',#950,#949,#531,.T.);
#1190=EDGE_CURVE('',#950,#858,#532,.T.);
#1191=EDGE_CURVE('',#951,#950,#155,.T.);
#1192=EDGE_CURVE('',#951,#859,#533,.T.);
#1193=EDGE_CURVE('',#952,#951,#534,.T.);
#1194=EDGE_CURVE('',#952,#860,#535,.T.);
#1195=EDGE_CURVE('',#946,#952,#156,.T.);
#1196=EDGE_CURVE('',#953,#954,#536,.T.);
#1197=EDGE_CURVE('',#953,#846,#537,.T.);
#1198=EDGE_CURVE('',#954,#845,#538,.T.);
#1199=EDGE_CURVE('',#955,#953,#157,.T.);
#1200=EDGE_CURVE('',#955,#847,#539,.T.);
#1201=EDGE_CURVE('',#956,#955,#540,.T.);
#1202=EDGE_CURVE('',#956,#848,#541,.T.);
#1203=EDGE_CURVE('',#957,#956,#158,.T.);
#1204=EDGE_CURVE('',#957,#849,#542,.T.);
#1205=EDGE_CURVE('',#958,#957,#543,.T.);
#1206=EDGE_CURVE('',#958,#850,#544,.T.);
#1207=EDGE_CURVE('',#959,#958,#159,.T.);
#1208=EDGE_CURVE('',#959,#851,#545,.T.);
#1209=EDGE_CURVE('',#960,#959,#546,.T.);
#1210=EDGE_CURVE('',#960,#852,#547,.T.);
#1211=EDGE_CURVE('',#954,#960,#160,.T.);
#1212=EDGE_CURVE('',#961,#962,#548,.T.);
#1213=EDGE_CURVE('',#961,#838,#549,.T.);
#1214=EDGE_CURVE('',#962,#837,#550,.T.);
#1215=EDGE_CURVE('',#963,#961,#161,.T.);
#1216=EDGE_CURVE('',#963,#839,#551,.T.);
#1217=EDGE_CURVE('',#964,#963,#552,.T.);
#1218=EDGE_CURVE('',#964,#840,#553,.T.);
#1219=EDGE_CURVE('',#965,#964,#162,.T.);
#1220=EDGE_CURVE('',#965,#841,#554,.T.);
#1221=EDGE_CURVE('',#966,#965,#555,.T.);
#1222=EDGE_CURVE('',#966,#842,#556,.T.);
#1223=EDGE_CURVE('',#967,#966,#163,.T.);
#1224=EDGE_CURVE('',#967,#843,#557,.T.);
#1225=EDGE_CURVE('',#968,#967,#558,.T.);
#1226=EDGE_CURVE('',#968,#844,#559,.T.);
#1227=EDGE_CURVE('',#962,#968,#164,.T.);
#1228=EDGE_CURVE('',#969,#970,#560,.T.);
#1229=EDGE_CURVE('',#969,#830,#561,.T.);
#1230=EDGE_CURVE('',#970,#829,#562,.T.);
#1231=EDGE_CURVE('',#971,#969,#165,.T.);
#1232=EDGE_CURVE('',#971,#831,#563,.T.);
#1233=EDGE_CURVE('',#972,#971,#564,.T.);
#1234=EDGE_CURVE('',#972,#832,#565,.T.);
#1235=EDGE_CURVE('',#973,#972,#166,.T.);
#1236=EDGE_CURVE('',#973,#833,#566,.T.);
#1237=EDGE_CURVE('',#974,#973,#567,.T.);
#1238=EDGE_CURVE('',#974,#834,#568,.T.);
#1239=EDGE_CURVE('',#975,#974,#167,.T.);
#1240=EDGE_CURVE('',#975,#835,#569,.T.);
#1241=EDGE_CURVE('',#976,#975,#570,.T.);
#1242=EDGE_CURVE('',#976,#836,#571,.T.);
#1243=EDGE_CURVE('',#970,#976,#168,.T.);
#1244=EDGE_CURVE('',#977,#978,#572,.T.);
#1245=EDGE_CURVE('',#978,#819,#573,.T.);
#1246=EDGE_CURVE('',#977,#820,#574,.T.);
#1247=EDGE_CURVE('',#977,#803,#575,.T.);
#1248=EDGE_CURVE('',#978,#804,#576,.T.);
#1249=EDGE_CURVE('',#821,#979,#577,.T.);
#1250=EDGE_CURVE('',#979,#979,#169,.T.);
#1251=EDGE_CURVE('',#822,#980,#578,.T.);
#1252=EDGE_CURVE('',#980,#980,#170,.T.);
#1253=EDGE_CURVE('',#823,#981,#579,.T.);
#1254=EDGE_CURVE('',#981,#981,#171,.T.);
#1255=EDGE_CURVE('',#982,#983,#580,.T.);
#1256=EDGE_CURVE('',#983,#824,#581,.T.);
#1257=EDGE_CURVE('',#982,#827,#582,.T.);
#1258=EDGE_CURVE('',#982,#901,#583,.T.);
#1259=EDGE_CURVE('',#983,#902,#584,.T.);
#1260=EDGE_CURVE('',#828,#984,#585,.T.);
#1261=EDGE_CURVE('',#984,#984,#172,.T.);
#1262=EDGE_CURVE('',#985,#986,#586,.T.);
#1263=EDGE_CURVE('',#985,#811,#587,.T.);
#1264=EDGE_CURVE('',#986,#810,#588,.T.);
#1265=EDGE_CURVE('',#986,#903,#589,.T.);
#1266=EDGE_CURVE('',#987,#904,#590,.T.);
#1267=EDGE_CURVE('',#987,#807,#591,.T.);
#1268=EDGE_CURVE('',#987,#988,#592,.T.);
#1269=EDGE_CURVE('',#988,#818,#593,.T.);
#1270=EDGE_CURVE('',#989,#988,#173,.T.);
#1271=EDGE_CURVE('',#989,#817,#594,.T.);
#1272=EDGE_CURVE('',#989,#990,#595,.T.);
#1273=EDGE_CURVE('',#990,#816,#596,.T.);
#1274=EDGE_CURVE('',#991,#990,#174,.T.);
#1275=EDGE_CURVE('',#991,#815,#597,.T.);
#1276=EDGE_CURVE('',#991,#992,#598,.T.);
#1277=EDGE_CURVE('',#992,#814,#599,.T.);
#1278=EDGE_CURVE('',#993,#992,#175,.T.);
#1279=EDGE_CURVE('',#993,#813,#600,.T.);
#1280=EDGE_CURVE('',#993,#994,#601,.T.);
#1281=EDGE_CURVE('',#994,#812,#602,.T.);
#1282=EDGE_CURVE('',#985,#994,#176,.T.);
#1283=ORIENTED_EDGE('',*,*,#995,.F.);
#1284=ORIENTED_EDGE('',*,*,#996,.F.);
#1285=ORIENTED_EDGE('',*,*,#997,.F.);
#1286=ORIENTED_EDGE('',*,*,#998,.F.);
#1287=ORIENTED_EDGE('',*,*,#999,.T.);
#1288=ORIENTED_EDGE('',*,*,#1000,.T.);
#1289=ORIENTED_EDGE('',*,*,#1001,.T.);
#1290=ORIENTED_EDGE('',*,*,#1002,.T.);
#1291=ORIENTED_EDGE('',*,*,#1003,.T.);
#1292=ORIENTED_EDGE('',*,*,#1004,.T.);
#1293=ORIENTED_EDGE('',*,*,#1005,.T.);
#1294=ORIENTED_EDGE('',*,*,#1006,.T.);
#1295=ORIENTED_EDGE('',*,*,#1007,.T.);
#1296=ORIENTED_EDGE('',*,*,#1008,.T.);
#1297=ORIENTED_EDGE('',*,*,#1009,.T.);
#1298=ORIENTED_EDGE('',*,*,#1010,.T.);
#1299=ORIENTED_EDGE('',*,*,#1011,.T.);
#1300=ORIENTED_EDGE('',*,*,#997,.T.);
#1301=ORIENTED_EDGE('',*,*,#1012,.T.);
#1302=ORIENTED_EDGE('',*,*,#1013,.T.);
#1303=ORIENTED_EDGE('',*,*,#1014,.T.);
#1304=ORIENTED_EDGE('',*,*,#1015,.T.);
#1305=ORIENTED_EDGE('',*,*,#1016,.T.);
#1306=ORIENTED_EDGE('',*,*,#1017,.T.);
#1307=ORIENTED_EDGE('',*,*,#1018,.T.);
#1308=ORIENTED_EDGE('',*,*,#1019,.T.);
#1309=ORIENTED_EDGE('',*,*,#1020,.T.);
#1310=ORIENTED_EDGE('',*,*,#1021,.T.);
#1311=ORIENTED_EDGE('',*,*,#1022,.T.);
#1312=ORIENTED_EDGE('',*,*,#1023,.T.);
#1313=ORIENTED_EDGE('',*,*,#1024,.T.);
#1314=ORIENTED_EDGE('',*,*,#1025,.T.);
#1315=ORIENTED_EDGE('',*,*,#1026,.T.);
#1316=ORIENTED_EDGE('',*,*,#1027,.T.);
#1317=ORIENTED_EDGE('',*,*,#1028,.T.);
#1318=ORIENTED_EDGE('',*,*,#1029,.T.);
#1319=ORIENTED_EDGE('',*,*,#1030,.T.);
#1320=ORIENTED_EDGE('',*,*,#1031,.T.);
#1321=ORIENTED_EDGE('',*,*,#1032,.T.);
#1322=ORIENTED_EDGE('',*,*,#1033,.T.);
#1323=ORIENTED_EDGE('',*,*,#1034,.T.);
#1324=ORIENTED_EDGE('',*,*,#1035,.T.);
#1325=ORIENTED_EDGE('',*,*,#1036,.T.);
#1326=ORIENTED_EDGE('',*,*,#1037,.T.);
#1327=ORIENTED_EDGE('',*,*,#1038,.T.);
#1328=ORIENTED_EDGE('',*,*,#1039,.T.);
#1329=ORIENTED_EDGE('',*,*,#1040,.T.);
#1330=ORIENTED_EDGE('',*,*,#1041,.T.);
#1331=ORIENTED_EDGE('',*,*,#1042,.T.);
#1332=ORIENTED_EDGE('',*,*,#1043,.T.);
#1333=ORIENTED_EDGE('',*,*,#1044,.T.);
#1334=ORIENTED_EDGE('',*,*,#1045,.T.);
#1335=ORIENTED_EDGE('',*,*,#1046,.T.);
#1336=ORIENTED_EDGE('',*,*,#1047,.T.);
#1337=ORIENTED_EDGE('',*,*,#1048,.T.);
#1338=ORIENTED_EDGE('',*,*,#1049,.T.);
#1339=ORIENTED_EDGE('',*,*,#1050,.T.);
#1340=ORIENTED_EDGE('',*,*,#1051,.T.);
#1341=ORIENTED_EDGE('',*,*,#1052,.T.);
#1342=ORIENTED_EDGE('',*,*,#1053,.T.);
#1343=ORIENTED_EDGE('',*,*,#1054,.T.);
#1344=ORIENTED_EDGE('',*,*,#1055,.T.);
#1345=ORIENTED_EDGE('',*,*,#1056,.T.);
#1346=ORIENTED_EDGE('',*,*,#1057,.T.);
#1347=ORIENTED_EDGE('',*,*,#1058,.T.);
#1348=ORIENTED_EDGE('',*,*,#1059,.T.);
#1349=ORIENTED_EDGE('',*,*,#1060,.T.);
#1350=ORIENTED_EDGE('',*,*,#1061,.T.);
#1351=ORIENTED_EDGE('',*,*,#1062,.T.);
#1352=ORIENTED_EDGE('',*,*,#1063,.T.);
#1353=ORIENTED_EDGE('',*,*,#1064,.T.);
#1354=ORIENTED_EDGE('',*,*,#1065,.T.);
#1355=ORIENTED_EDGE('',*,*,#1066,.T.);
#1356=ORIENTED_EDGE('',*,*,#1067,.T.);
#1357=ORIENTED_EDGE('',*,*,#1068,.T.);
#1358=ORIENTED_EDGE('',*,*,#1069,.T.);
#1359=ORIENTED_EDGE('',*,*,#1070,.T.);
#1360=ORIENTED_EDGE('',*,*,#1071,.T.);
#1361=ORIENTED_EDGE('',*,*,#1072,.T.);
#1362=ORIENTED_EDGE('',*,*,#1073,.T.);
#1363=ORIENTED_EDGE('',*,*,#1074,.T.);
#1364=ORIENTED_EDGE('',*,*,#1075,.T.);
#1365=ORIENTED_EDGE('',*,*,#1076,.T.);
#1366=ORIENTED_EDGE('',*,*,#1077,.T.);
#1367=ORIENTED_EDGE('',*,*,#1078,.T.);
#1368=ORIENTED_EDGE('',*,*,#1079,.T.);
#1369=ORIENTED_EDGE('',*,*,#1080,.T.);
#1370=ORIENTED_EDGE('',*,*,#1081,.T.);
#1371=ORIENTED_EDGE('',*,*,#1082,.T.);
#1372=ORIENTED_EDGE('',*,*,#1083,.T.);
#1373=ORIENTED_EDGE('',*,*,#1084,.T.);
#1374=ORIENTED_EDGE('',*,*,#1085,.T.);
#1375=ORIENTED_EDGE('',*,*,#1086,.T.);
#1376=ORIENTED_EDGE('',*,*,#1087,.T.);
#1377=ORIENTED_EDGE('',*,*,#1088,.T.);
#1378=ORIENTED_EDGE('',*,*,#1089,.T.);
#1379=ORIENTED_EDGE('',*,*,#1090,.T.);
#1380=ORIENTED_EDGE('',*,*,#1091,.T.);
#1381=ORIENTED_EDGE('',*,*,#1092,.T.);
#1382=ORIENTED_EDGE('',*,*,#1093,.T.);
#1383=ORIENTED_EDGE('',*,*,#1094,.F.);
#1384=ORIENTED_EDGE('',*,*,#1095,.F.);
#1385=ORIENTED_EDGE('',*,*,#1018,.F.);
#1386=ORIENTED_EDGE('',*,*,#1096,.F.);
#1387=ORIENTED_EDGE('',*,*,#1097,.F.);
#1388=ORIENTED_EDGE('',*,*,#1098,.F.);
#1389=ORIENTED_EDGE('',*,*,#1000,.F.);
#1390=ORIENTED_EDGE('',*,*,#1099,.F.);
#1391=ORIENTED_EDGE('',*,*,#1100,.F.);
#1392=ORIENTED_EDGE('',*,*,#1101,.T.);
#1393=ORIENTED_EDGE('',*,*,#1086,.F.);
#1394=ORIENTED_EDGE('',*,*,#1102,.F.);
#1395=ORIENTED_EDGE('',*,*,#1103,.F.);
#1396=ORIENTED_EDGE('',*,*,#1104,.T.);
#1397=ORIENTED_EDGE('',*,*,#1087,.F.);
#1398=ORIENTED_EDGE('',*,*,#1101,.F.);
#1399=ORIENTED_EDGE('',*,*,#1105,.F.);
#1400=ORIENTED_EDGE('',*,*,#1106,.T.);
#1401=ORIENTED_EDGE('',*,*,#1088,.F.);
#1402=ORIENTED_EDGE('',*,*,#1104,.F.);
#1403=ORIENTED_EDGE('',*,*,#1107,.F.);
#1404=ORIENTED_EDGE('',*,*,#1108,.T.);
#1405=ORIENTED_EDGE('',*,*,#1089,.F.);
#1406=ORIENTED_EDGE('',*,*,#1106,.F.);
#1407=ORIENTED_EDGE('',*,*,#1109,.F.);
#1408=ORIENTED_EDGE('',*,*,#1110,.T.);
#1409=ORIENTED_EDGE('',*,*,#1090,.F.);
#1410=ORIENTED_EDGE('',*,*,#1108,.F.);
#1411=ORIENTED_EDGE('',*,*,#1111,.F.);
#1412=ORIENTED_EDGE('',*,*,#1112,.T.);
#1413=ORIENTED_EDGE('',*,*,#1091,.F.);
#1414=ORIENTED_EDGE('',*,*,#1110,.F.);
#1415=ORIENTED_EDGE('',*,*,#1113,.F.);
#1416=ORIENTED_EDGE('',*,*,#1114,.T.);
#1417=ORIENTED_EDGE('',*,*,#1092,.F.);
#1418=ORIENTED_EDGE('',*,*,#1112,.F.);
#1419=ORIENTED_EDGE('',*,*,#1115,.F.);
#1420=ORIENTED_EDGE('',*,*,#1102,.T.);
#1421=ORIENTED_EDGE('',*,*,#1093,.F.);
#1422=ORIENTED_EDGE('',*,*,#1114,.F.);
#1423=ORIENTED_EDGE('',*,*,#1116,.F.);
#1424=ORIENTED_EDGE('',*,*,#1117,.T.);
#1425=ORIENTED_EDGE('',*,*,#1078,.F.);
#1426=ORIENTED_EDGE('',*,*,#1118,.F.);
#1427=ORIENTED_EDGE('',*,*,#1119,.F.);
#1428=ORIENTED_EDGE('',*,*,#1120,.T.);
#1429=ORIENTED_EDGE('',*,*,#1079,.F.);
#1430=ORIENTED_EDGE('',*,*,#1117,.F.);
#1431=ORIENTED_EDGE('',*,*,#1121,.F.);
#1432=ORIENTED_EDGE('',*,*,#1122,.T.);
#1433=ORIENTED_EDGE('',*,*,#1080,.F.);
#1434=ORIENTED_EDGE('',*,*,#1120,.F.);
#1435=ORIENTED_EDGE('',*,*,#1123,.F.);
#1436=ORIENTED_EDGE('',*,*,#1124,.T.);
#1437=ORIENTED_EDGE('',*,*,#1081,.F.);
#1438=ORIENTED_EDGE('',*,*,#1122,.F.);
#1439=ORIENTED_EDGE('',*,*,#1125,.F.);
#1440=ORIENTED_EDGE('',*,*,#1126,.T.);
#1441=ORIENTED_EDGE('',*,*,#1082,.F.);
#1442=ORIENTED_EDGE('',*,*,#1124,.F.);
#1443=ORIENTED_EDGE('',*,*,#1127,.F.);
#1444=ORIENTED_EDGE('',*,*,#1128,.T.);
#1445=ORIENTED_EDGE('',*,*,#1083,.F.);
#1446=ORIENTED_EDGE('',*,*,#1126,.F.);
#1447=ORIENTED_EDGE('',*,*,#1129,.F.);
#1448=ORIENTED_EDGE('',*,*,#1130,.T.);
#1449=ORIENTED_EDGE('',*,*,#1084,.F.);
#1450=ORIENTED_EDGE('',*,*,#1128,.F.);
#1451=ORIENTED_EDGE('',*,*,#1131,.F.);
#1452=ORIENTED_EDGE('',*,*,#1118,.T.);
#1453=ORIENTED_EDGE('',*,*,#1085,.F.);
#1454=ORIENTED_EDGE('',*,*,#1130,.F.);
#1455=ORIENTED_EDGE('',*,*,#1132,.F.);
#1456=ORIENTED_EDGE('',*,*,#1133,.T.);
#1457=ORIENTED_EDGE('',*,*,#1070,.F.);
#1458=ORIENTED_EDGE('',*,*,#1134,.F.);
#1459=ORIENTED_EDGE('',*,*,#1135,.F.);
#1460=ORIENTED_EDGE('',*,*,#1136,.T.);
#1461=ORIENTED_EDGE('',*,*,#1071,.F.);
#1462=ORIENTED_EDGE('',*,*,#1133,.F.);
#1463=ORIENTED_EDGE('',*,*,#1137,.F.);
#1464=ORIENTED_EDGE('',*,*,#1138,.T.);
#1465=ORIENTED_EDGE('',*,*,#1072,.F.);
#1466=ORIENTED_EDGE('',*,*,#1136,.F.);
#1467=ORIENTED_EDGE('',*,*,#1139,.F.);
#1468=ORIENTED_EDGE('',*,*,#1140,.T.);
#1469=ORIENTED_EDGE('',*,*,#1073,.F.);
#1470=ORIENTED_EDGE('',*,*,#1138,.F.);
#1471=ORIENTED_EDGE('',*,*,#1141,.F.);
#1472=ORIENTED_EDGE('',*,*,#1142,.T.);
#1473=ORIENTED_EDGE('',*,*,#1074,.F.);
#1474=ORIENTED_EDGE('',*,*,#1140,.F.);
#1475=ORIENTED_EDGE('',*,*,#1143,.F.);
#1476=ORIENTED_EDGE('',*,*,#1144,.T.);
#1477=ORIENTED_EDGE('',*,*,#1075,.F.);
#1478=ORIENTED_EDGE('',*,*,#1142,.F.);
#1479=ORIENTED_EDGE('',*,*,#1145,.F.);
#1480=ORIENTED_EDGE('',*,*,#1146,.T.);
#1481=ORIENTED_EDGE('',*,*,#1076,.F.);
#1482=ORIENTED_EDGE('',*,*,#1144,.F.);
#1483=ORIENTED_EDGE('',*,*,#1147,.F.);
#1484=ORIENTED_EDGE('',*,*,#1134,.T.);
#1485=ORIENTED_EDGE('',*,*,#1077,.F.);
#1486=ORIENTED_EDGE('',*,*,#1146,.F.);
#1487=ORIENTED_EDGE('',*,*,#1148,.F.);
#1488=ORIENTED_EDGE('',*,*,#1149,.T.);
#1489=ORIENTED_EDGE('',*,*,#1062,.F.);
#1490=ORIENTED_EDGE('',*,*,#1150,.F.);
#1491=ORIENTED_EDGE('',*,*,#1151,.F.);
#1492=ORIENTED_EDGE('',*,*,#1152,.T.);
#1493=ORIENTED_EDGE('',*,*,#1063,.F.);
#1494=ORIENTED_EDGE('',*,*,#1149,.F.);
#1495=ORIENTED_EDGE('',*,*,#1153,.F.);
#1496=ORIENTED_EDGE('',*,*,#1154,.T.);
#1497=ORIENTED_EDGE('',*,*,#1064,.F.);
#1498=ORIENTED_EDGE('',*,*,#1152,.F.);
#1499=ORIENTED_EDGE('',*,*,#1155,.F.);
#1500=ORIENTED_EDGE('',*,*,#1156,.T.);
#1501=ORIENTED_EDGE('',*,*,#1065,.F.);
#1502=ORIENTED_EDGE('',*,*,#1154,.F.);
#1503=ORIENTED_EDGE('',*,*,#1157,.F.);
#1504=ORIENTED_EDGE('',*,*,#1158,.T.);
#1505=ORIENTED_EDGE('',*,*,#1066,.F.);
#1506=ORIENTED_EDGE('',*,*,#1156,.F.);
#1507=ORIENTED_EDGE('',*,*,#1159,.F.);
#1508=ORIENTED_EDGE('',*,*,#1160,.T.);
#1509=ORIENTED_EDGE('',*,*,#1067,.F.);
#1510=ORIENTED_EDGE('',*,*,#1158,.F.);
#1511=ORIENTED_EDGE('',*,*,#1161,.F.);
#1512=ORIENTED_EDGE('',*,*,#1162,.T.);
#1513=ORIENTED_EDGE('',*,*,#1068,.F.);
#1514=ORIENTED_EDGE('',*,*,#1160,.F.);
#1515=ORIENTED_EDGE('',*,*,#1163,.F.);
#1516=ORIENTED_EDGE('',*,*,#1150,.T.);
#1517=ORIENTED_EDGE('',*,*,#1069,.F.);
#1518=ORIENTED_EDGE('',*,*,#1162,.F.);
#1519=ORIENTED_EDGE('',*,*,#1164,.F.);
#1520=ORIENTED_EDGE('',*,*,#1165,.T.);
#1521=ORIENTED_EDGE('',*,*,#1054,.F.);
#1522=ORIENTED_EDGE('',*,*,#1166,.F.);
#1523=ORIENTED_EDGE('',*,*,#1167,.F.);
#1524=ORIENTED_EDGE('',*,*,#1168,.T.);
#1525=ORIENTED_EDGE('',*,*,#1055,.F.);
#1526=ORIENTED_EDGE('',*,*,#1165,.F.);
#1527=ORIENTED_EDGE('',*,*,#1169,.F.);
#1528=ORIENTED_EDGE('',*,*,#1170,.T.);
#1529=ORIENTED_EDGE('',*,*,#1056,.F.);
#1530=ORIENTED_EDGE('',*,*,#1168,.F.);
#1531=ORIENTED_EDGE('',*,*,#1171,.F.);
#1532=ORIENTED_EDGE('',*,*,#1172,.T.);
#1533=ORIENTED_EDGE('',*,*,#1057,.F.);
#1534=ORIENTED_EDGE('',*,*,#1170,.F.);
#1535=ORIENTED_EDGE('',*,*,#1173,.F.);
#1536=ORIENTED_EDGE('',*,*,#1174,.T.);
#1537=ORIENTED_EDGE('',*,*,#1058,.F.);
#1538=ORIENTED_EDGE('',*,*,#1172,.F.);
#1539=ORIENTED_EDGE('',*,*,#1175,.F.);
#1540=ORIENTED_EDGE('',*,*,#1176,.T.);
#1541=ORIENTED_EDGE('',*,*,#1059,.F.);
#1542=ORIENTED_EDGE('',*,*,#1174,.F.);
#1543=ORIENTED_EDGE('',*,*,#1177,.F.);
#1544=ORIENTED_EDGE('',*,*,#1178,.T.);
#1545=ORIENTED_EDGE('',*,*,#1060,.F.);
#1546=ORIENTED_EDGE('',*,*,#1176,.F.);
#1547=ORIENTED_EDGE('',*,*,#1179,.F.);
#1548=ORIENTED_EDGE('',*,*,#1166,.T.);
#1549=ORIENTED_EDGE('',*,*,#1061,.F.);
#1550=ORIENTED_EDGE('',*,*,#1178,.F.);
#1551=ORIENTED_EDGE('',*,*,#1180,.F.);
#1552=ORIENTED_EDGE('',*,*,#1181,.T.);
#1553=ORIENTED_EDGE('',*,*,#1046,.F.);
#1554=ORIENTED_EDGE('',*,*,#1182,.F.);
#1555=ORIENTED_EDGE('',*,*,#1183,.F.);
#1556=ORIENTED_EDGE('',*,*,#1184,.T.);
#1557=ORIENTED_EDGE('',*,*,#1047,.F.);
#1558=ORIENTED_EDGE('',*,*,#1181,.F.);
#1559=ORIENTED_EDGE('',*,*,#1185,.F.);
#1560=ORIENTED_EDGE('',*,*,#1186,.T.);
#1561=ORIENTED_EDGE('',*,*,#1048,.F.);
#1562=ORIENTED_EDGE('',*,*,#1184,.F.);
#1563=ORIENTED_EDGE('',*,*,#1187,.F.);
#1564=ORIENTED_EDGE('',*,*,#1188,.T.);
#1565=ORIENTED_EDGE('',*,*,#1049,.F.);
#1566=ORIENTED_EDGE('',*,*,#1186,.F.);
#1567=ORIENTED_EDGE('',*,*,#1189,.F.);
#1568=ORIENTED_EDGE('',*,*,#1190,.T.);
#1569=ORIENTED_EDGE('',*,*,#1050,.F.);
#1570=ORIENTED_EDGE('',*,*,#1188,.F.);
#1571=ORIENTED_EDGE('',*,*,#1191,.F.);
#1572=ORIENTED_EDGE('',*,*,#1192,.T.);
#1573=ORIENTED_EDGE('',*,*,#1051,.F.);
#1574=ORIENTED_EDGE('',*,*,#1190,.F.);
#1575=ORIENTED_EDGE('',*,*,#1193,.F.);
#1576=ORIENTED_EDGE('',*,*,#1194,.T.);
#1577=ORIENTED_EDGE('',*,*,#1052,.F.);
#1578=ORIENTED_EDGE('',*,*,#1192,.F.);
#1579=ORIENTED_EDGE('',*,*,#1195,.F.);
#1580=ORIENTED_EDGE('',*,*,#1182,.T.);
#1581=ORIENTED_EDGE('',*,*,#1053,.F.);
#1582=ORIENTED_EDGE('',*,*,#1194,.F.);
#1583=ORIENTED_EDGE('',*,*,#1196,.F.);
#1584=ORIENTED_EDGE('',*,*,#1197,.T.);
#1585=ORIENTED_EDGE('',*,*,#1038,.F.);
#1586=ORIENTED_EDGE('',*,*,#1198,.F.);
#1587=ORIENTED_EDGE('',*,*,#1199,.F.);
#1588=ORIENTED_EDGE('',*,*,#1200,.T.);
#1589=ORIENTED_EDGE('',*,*,#1039,.F.);
#1590=ORIENTED_EDGE('',*,*,#1197,.F.);
#1591=ORIENTED_EDGE('',*,*,#1201,.F.);
#1592=ORIENTED_EDGE('',*,*,#1202,.T.);
#1593=ORIENTED_EDGE('',*,*,#1040,.F.);
#1594=ORIENTED_EDGE('',*,*,#1200,.F.);
#1595=ORIENTED_EDGE('',*,*,#1203,.F.);
#1596=ORIENTED_EDGE('',*,*,#1204,.T.);
#1597=ORIENTED_EDGE('',*,*,#1041,.F.);
#1598=ORIENTED_EDGE('',*,*,#1202,.F.);
#1599=ORIENTED_EDGE('',*,*,#1205,.F.);
#1600=ORIENTED_EDGE('',*,*,#1206,.T.);
#1601=ORIENTED_EDGE('',*,*,#1042,.F.);
#1602=ORIENTED_EDGE('',*,*,#1204,.F.);
#1603=ORIENTED_EDGE('',*,*,#1207,.F.);
#1604=ORIENTED_EDGE('',*,*,#1208,.T.);
#1605=ORIENTED_EDGE('',*,*,#1043,.F.);
#1606=ORIENTED_EDGE('',*,*,#1206,.F.);
#1607=ORIENTED_EDGE('',*,*,#1209,.F.);
#1608=ORIENTED_EDGE('',*,*,#1210,.T.);
#1609=ORIENTED_EDGE('',*,*,#1044,.F.);
#1610=ORIENTED_EDGE('',*,*,#1208,.F.);
#1611=ORIENTED_EDGE('',*,*,#1211,.F.);
#1612=ORIENTED_EDGE('',*,*,#1198,.T.);
#1613=ORIENTED_EDGE('',*,*,#1045,.F.);
#1614=ORIENTED_EDGE('',*,*,#1210,.F.);
#1615=ORIENTED_EDGE('',*,*,#1212,.F.);
#1616=ORIENTED_EDGE('',*,*,#1213,.T.);
#1617=ORIENTED_EDGE('',*,*,#1030,.F.);
#1618=ORIENTED_EDGE('',*,*,#1214,.F.);
#1619=ORIENTED_EDGE('',*,*,#1215,.F.);
#1620=ORIENTED_EDGE('',*,*,#1216,.T.);
#1621=ORIENTED_EDGE('',*,*,#1031,.F.);
#1622=ORIENTED_EDGE('',*,*,#1213,.F.);
#1623=ORIENTED_EDGE('',*,*,#1217,.F.);
#1624=ORIENTED_EDGE('',*,*,#1218,.T.);
#1625=ORIENTED_EDGE('',*,*,#1032,.F.);
#1626=ORIENTED_EDGE('',*,*,#1216,.F.);
#1627=ORIENTED_EDGE('',*,*,#1219,.F.);
#1628=ORIENTED_EDGE('',*,*,#1220,.T.);
#1629=ORIENTED_EDGE('',*,*,#1033,.F.);
#1630=ORIENTED_EDGE('',*,*,#1218,.F.);
#1631=ORIENTED_EDGE('',*,*,#1221,.F.);
#1632=ORIENTED_EDGE('',*,*,#1222,.T.);
#1633=ORIENTED_EDGE('',*,*,#1034,.F.);
#1634=ORIENTED_EDGE('',*,*,#1220,.F.);
#1635=ORIENTED_EDGE('',*,*,#1223,.F.);
#1636=ORIENTED_EDGE('',*,*,#1224,.T.);
#1637=ORIENTED_EDGE('',*,*,#1035,.F.);
#1638=ORIENTED_EDGE('',*,*,#1222,.F.);
#1639=ORIENTED_EDGE('',*,*,#1225,.F.);
#1640=ORIENTED_EDGE('',*,*,#1226,.T.);
#1641=ORIENTED_EDGE('',*,*,#1036,.F.);
#1642=ORIENTED_EDGE('',*,*,#1224,.F.);
#1643=ORIENTED_EDGE('',*,*,#1227,.F.);
#1644=ORIENTED_EDGE('',*,*,#1214,.T.);
#1645=ORIENTED_EDGE('',*,*,#1037,.F.);
#1646=ORIENTED_EDGE('',*,*,#1226,.F.);
#1647=ORIENTED_EDGE('',*,*,#1228,.F.);
#1648=ORIENTED_EDGE('',*,*,#1229,.T.);
#1649=ORIENTED_EDGE('',*,*,#1022,.F.);
#1650=ORIENTED_EDGE('',*,*,#1230,.F.);
#1651=ORIENTED_EDGE('',*,*,#1231,.F.);
#1652=ORIENTED_EDGE('',*,*,#1232,.T.);
#1653=ORIENTED_EDGE('',*,*,#1023,.F.);
#1654=ORIENTED_EDGE('',*,*,#1229,.F.);
#1655=ORIENTED_EDGE('',*,*,#1233,.F.);
#1656=ORIENTED_EDGE('',*,*,#1234,.T.);
#1657=ORIENTED_EDGE('',*,*,#1024,.F.);
#1658=ORIENTED_EDGE('',*,*,#1232,.F.);
#1659=ORIENTED_EDGE('',*,*,#1235,.F.);
#1660=ORIENTED_EDGE('',*,*,#1236,.T.);
#1661=ORIENTED_EDGE('',*,*,#1025,.F.);
#1662=ORIENTED_EDGE('',*,*,#1234,.F.);
#1663=ORIENTED_EDGE('',*,*,#1237,.F.);
#1664=ORIENTED_EDGE('',*,*,#1238,.T.);
#1665=ORIENTED_EDGE('',*,*,#1026,.F.);
#1666=ORIENTED_EDGE('',*,*,#1236,.F.);
#1667=ORIENTED_EDGE('',*,*,#1239,.F.);
#1668=ORIENTED_EDGE('',*,*,#1240,.T.);
#1669=ORIENTED_EDGE('',*,*,#1027,.F.);
#1670=ORIENTED_EDGE('',*,*,#1238,.F.);
#1671=ORIENTED_EDGE('',*,*,#1241,.F.);
#1672=ORIENTED_EDGE('',*,*,#1242,.T.);
#1673=ORIENTED_EDGE('',*,*,#1028,.F.);
#1674=ORIENTED_EDGE('',*,*,#1240,.F.);
#1675=ORIENTED_EDGE('',*,*,#1243,.F.);
#1676=ORIENTED_EDGE('',*,*,#1230,.T.);
#1677=ORIENTED_EDGE('',*,*,#1029,.F.);
#1678=ORIENTED_EDGE('',*,*,#1242,.F.);
#1679=ORIENTED_EDGE('',*,*,#1244,.T.);
#1680=ORIENTED_EDGE('',*,*,#1245,.T.);
#1681=ORIENTED_EDGE('',*,*,#1013,.F.);
#1682=ORIENTED_EDGE('',*,*,#1246,.F.);
#1683=ORIENTED_EDGE('',*,*,#1247,.F.);
#1684=ORIENTED_EDGE('',*,*,#1246,.T.);
#1685=ORIENTED_EDGE('',*,*,#1012,.F.);
#1686=ORIENTED_EDGE('',*,*,#996,.T.);
#1687=ORIENTED_EDGE('',*,*,#1248,.T.);
#1688=ORIENTED_EDGE('',*,*,#998,.T.);
#1689=ORIENTED_EDGE('',*,*,#1011,.F.);
#1690=ORIENTED_EDGE('',*,*,#1245,.F.);
#1691=ORIENTED_EDGE('',*,*,#1014,.F.);
#1692=ORIENTED_EDGE('',*,*,#1249,.T.);
#1693=ORIENTED_EDGE('',*,*,#1250,.T.);
#1694=ORIENTED_EDGE('',*,*,#1249,.F.);
#1695=ORIENTED_EDGE('',*,*,#1015,.F.);
#1696=ORIENTED_EDGE('',*,*,#1251,.T.);
#1697=ORIENTED_EDGE('',*,*,#1252,.T.);
#1698=ORIENTED_EDGE('',*,*,#1251,.F.);
#1699=ORIENTED_EDGE('',*,*,#1016,.F.);
#1700=ORIENTED_EDGE('',*,*,#1253,.T.);
#1701=ORIENTED_EDGE('',*,*,#1254,.T.);
#1702=ORIENTED_EDGE('',*,*,#1253,.F.);
#1703=ORIENTED_EDGE('',*,*,#1255,.T.);
#1704=ORIENTED_EDGE('',*,*,#1256,.T.);
#1705=ORIENTED_EDGE('',*,*,#1020,.F.);
#1706=ORIENTED_EDGE('',*,*,#1257,.F.);
#1707=ORIENTED_EDGE('',*,*,#1258,.F.);
#1708=ORIENTED_EDGE('',*,*,#1257,.T.);
#1709=ORIENTED_EDGE('',*,*,#1019,.F.);
#1710=ORIENTED_EDGE('',*,*,#1095,.T.);
#1711=ORIENTED_EDGE('',*,*,#1259,.T.);
#1712=ORIENTED_EDGE('',*,*,#1096,.T.);
#1713=ORIENTED_EDGE('',*,*,#1017,.F.);
#1714=ORIENTED_EDGE('',*,*,#1256,.F.);
#1715=ORIENTED_EDGE('',*,*,#1021,.F.);
#1716=ORIENTED_EDGE('',*,*,#1260,.T.);
#1717=ORIENTED_EDGE('',*,*,#1261,.T.);
#1718=ORIENTED_EDGE('',*,*,#1260,.F.);
#1719=ORIENTED_EDGE('',*,*,#1262,.F.);
#1720=ORIENTED_EDGE('',*,*,#1263,.T.);
#1721=ORIENTED_EDGE('',*,*,#1002,.F.);
#1722=ORIENTED_EDGE('',*,*,#1264,.F.);
#1723=ORIENTED_EDGE('',*,*,#1265,.F.);
#1724=ORIENTED_EDGE('',*,*,#1264,.T.);
#1725=ORIENTED_EDGE('',*,*,#1001,.F.);
#1726=ORIENTED_EDGE('',*,*,#1098,.T.);
#1727=ORIENTED_EDGE('',*,*,#1266,.T.);
#1728=ORIENTED_EDGE('',*,*,#1099,.T.);
#1729=ORIENTED_EDGE('',*,*,#999,.F.);
#1730=ORIENTED_EDGE('',*,*,#1267,.F.);
#1731=ORIENTED_EDGE('',*,*,#1268,.F.);
#1732=ORIENTED_EDGE('',*,*,#1267,.T.);
#1733=ORIENTED_EDGE('',*,*,#1010,.F.);
#1734=ORIENTED_EDGE('',*,*,#1269,.F.);
#1735=ORIENTED_EDGE('',*,*,#1270,.T.);
#1736=ORIENTED_EDGE('',*,*,#1269,.T.);
#1737=ORIENTED_EDGE('',*,*,#1009,.F.);
#1738=ORIENTED_EDGE('',*,*,#1271,.F.);
#1739=ORIENTED_EDGE('',*,*,#1272,.F.);
#1740=ORIENTED_EDGE('',*,*,#1271,.T.);
#1741=ORIENTED_EDGE('',*,*,#1008,.F.);
#1742=ORIENTED_EDGE('',*,*,#1273,.F.);
#1743=ORIENTED_EDGE('',*,*,#1274,.T.);
#1744=ORIENTED_EDGE('',*,*,#1273,.T.);
#1745=ORIENTED_EDGE('',*,*,#1007,.F.);
#1746=ORIENTED_EDGE('',*,*,#1275,.F.);
#1747=ORIENTED_EDGE('',*,*,#1276,.F.);
#1748=ORIENTED_EDGE('',*,*,#1275,.T.);
#1749=ORIENTED_EDGE('',*,*,#1006,.F.);
#1750=ORIENTED_EDGE('',*,*,#1277,.F.);
#1751=ORIENTED_EDGE('',*,*,#1278,.T.);
#1752=ORIENTED_EDGE('',*,*,#1277,.T.);
#1753=ORIENTED_EDGE('',*,*,#1005,.F.);
#1754=ORIENTED_EDGE('',*,*,#1279,.F.);
#1755=ORIENTED_EDGE('',*,*,#1280,.F.);
#1756=ORIENTED_EDGE('',*,*,#1279,.T.);
#1757=ORIENTED_EDGE('',*,*,#1004,.F.);
#1758=ORIENTED_EDGE('',*,*,#1281,.F.);
#1759=ORIENTED_EDGE('',*,*,#1282,.T.);
#1760=ORIENTED_EDGE('',*,*,#1281,.T.);
#1761=ORIENTED_EDGE('',*,*,#1003,.F.);
#1762=ORIENTED_EDGE('',*,*,#1263,.F.);
#1763=ORIENTED_EDGE('',*,*,#1266,.F.);
#1764=ORIENTED_EDGE('',*,*,#1268,.T.);
#1765=ORIENTED_EDGE('',*,*,#1270,.F.);
#1766=ORIENTED_EDGE('',*,*,#1272,.T.);
#1767=ORIENTED_EDGE('',*,*,#1274,.F.);
#1768=ORIENTED_EDGE('',*,*,#1276,.T.);
#1769=ORIENTED_EDGE('',*,*,#1278,.F.);
#1770=ORIENTED_EDGE('',*,*,#1280,.T.);
#1771=ORIENTED_EDGE('',*,*,#1282,.F.);
#1772=ORIENTED_EDGE('',*,*,#1262,.T.);
#1773=ORIENTED_EDGE('',*,*,#1265,.T.);
#1774=ORIENTED_EDGE('',*,*,#1097,.T.);
#1775=ORIENTED_EDGE('',*,*,#1248,.F.);
#1776=ORIENTED_EDGE('',*,*,#1244,.F.);
#1777=ORIENTED_EDGE('',*,*,#1247,.T.);
#1778=ORIENTED_EDGE('',*,*,#995,.T.);
#1779=ORIENTED_EDGE('',*,*,#1259,.F.);
#1780=ORIENTED_EDGE('',*,*,#1255,.F.);
#1781=ORIENTED_EDGE('',*,*,#1258,.T.);
#1782=ORIENTED_EDGE('',*,*,#1094,.T.);
#1783=ORIENTED_EDGE('',*,*,#1100,.T.);
#1784=ORIENTED_EDGE('',*,*,#1115,.T.);
#1785=ORIENTED_EDGE('',*,*,#1113,.T.);
#1786=ORIENTED_EDGE('',*,*,#1111,.T.);
#1787=ORIENTED_EDGE('',*,*,#1109,.T.);
#1788=ORIENTED_EDGE('',*,*,#1107,.T.);
#1789=ORIENTED_EDGE('',*,*,#1105,.T.);
#1790=ORIENTED_EDGE('',*,*,#1103,.T.);
#1791=ORIENTED_EDGE('',*,*,#1116,.T.);
#1792=ORIENTED_EDGE('',*,*,#1131,.T.);
#1793=ORIENTED_EDGE('',*,*,#1129,.T.);
#1794=ORIENTED_EDGE('',*,*,#1127,.T.);
#1795=ORIENTED_EDGE('',*,*,#1125,.T.);
#1796=ORIENTED_EDGE('',*,*,#1123,.T.);
#1797=ORIENTED_EDGE('',*,*,#1121,.T.);
#1798=ORIENTED_EDGE('',*,*,#1119,.T.);
#1799=ORIENTED_EDGE('',*,*,#1132,.T.);
#1800=ORIENTED_EDGE('',*,*,#1147,.T.);
#1801=ORIENTED_EDGE('',*,*,#1145,.T.);
#1802=ORIENTED_EDGE('',*,*,#1143,.T.);
#1803=ORIENTED_EDGE('',*,*,#1141,.T.);
#1804=ORIENTED_EDGE('',*,*,#1139,.T.);
#1805=ORIENTED_EDGE('',*,*,#1137,.T.);
#1806=ORIENTED_EDGE('',*,*,#1135,.T.);
#1807=ORIENTED_EDGE('',*,*,#1148,.T.);
#1808=ORIENTED_EDGE('',*,*,#1163,.T.);
#1809=ORIENTED_EDGE('',*,*,#1161,.T.);
#1810=ORIENTED_EDGE('',*,*,#1159,.T.);
#1811=ORIENTED_EDGE('',*,*,#1157,.T.);
#1812=ORIENTED_EDGE('',*,*,#1155,.T.);
#1813=ORIENTED_EDGE('',*,*,#1153,.T.);
#1814=ORIENTED_EDGE('',*,*,#1151,.T.);
#1815=ORIENTED_EDGE('',*,*,#1164,.T.);
#1816=ORIENTED_EDGE('',*,*,#1179,.T.);
#1817=ORIENTED_EDGE('',*,*,#1177,.T.);
#1818=ORIENTED_EDGE('',*,*,#1175,.T.);
#1819=ORIENTED_EDGE('',*,*,#1173,.T.);
#1820=ORIENTED_EDGE('',*,*,#1171,.T.);
#1821=ORIENTED_EDGE('',*,*,#1169,.T.);
#1822=ORIENTED_EDGE('',*,*,#1167,.T.);
#1823=ORIENTED_EDGE('',*,*,#1180,.T.);
#1824=ORIENTED_EDGE('',*,*,#1195,.T.);
#1825=ORIENTED_EDGE('',*,*,#1193,.T.);
#1826=ORIENTED_EDGE('',*,*,#1191,.T.);
#1827=ORIENTED_EDGE('',*,*,#1189,.T.);
#1828=ORIENTED_EDGE('',*,*,#1187,.T.);
#1829=ORIENTED_EDGE('',*,*,#1185,.T.);
#1830=ORIENTED_EDGE('',*,*,#1183,.T.);
#1831=ORIENTED_EDGE('',*,*,#1196,.T.);
#1832=ORIENTED_EDGE('',*,*,#1211,.T.);
#1833=ORIENTED_EDGE('',*,*,#1209,.T.);
#1834=ORIENTED_EDGE('',*,*,#1207,.T.);
#1835=ORIENTED_EDGE('',*,*,#1205,.T.);
#1836=ORIENTED_EDGE('',*,*,#1203,.T.);
#1837=ORIENTED_EDGE('',*,*,#1201,.T.);
#1838=ORIENTED_EDGE('',*,*,#1199,.T.);
#1839=ORIENTED_EDGE('',*,*,#1212,.T.);
#1840=ORIENTED_EDGE('',*,*,#1227,.T.);
#1841=ORIENTED_EDGE('',*,*,#1225,.T.);
#1842=ORIENTED_EDGE('',*,*,#1223,.T.);
#1843=ORIENTED_EDGE('',*,*,#1221,.T.);
#1844=ORIENTED_EDGE('',*,*,#1219,.T.);
#1845=ORIENTED_EDGE('',*,*,#1217,.T.);
#1846=ORIENTED_EDGE('',*,*,#1215,.T.);
#1847=ORIENTED_EDGE('',*,*,#1228,.T.);
#1848=ORIENTED_EDGE('',*,*,#1243,.T.);
#1849=ORIENTED_EDGE('',*,*,#1241,.T.);
#1850=ORIENTED_EDGE('',*,*,#1239,.T.);
#1851=ORIENTED_EDGE('',*,*,#1237,.T.);
#1852=ORIENTED_EDGE('',*,*,#1235,.T.);
#1853=ORIENTED_EDGE('',*,*,#1233,.T.);
#1854=ORIENTED_EDGE('',*,*,#1231,.T.);
#1855=ORIENTED_EDGE('',*,*,#1261,.F.);
#1856=ORIENTED_EDGE('',*,*,#1254,.F.);
#1857=ORIENTED_EDGE('',*,*,#1252,.F.);
#1858=ORIENTED_EDGE('',*,*,#1250,.F.);
#1859=PLANE('',#2025);
#1860=PLANE('',#2026);
#1861=PLANE('',#2071);
#1862=PLANE('',#2072);
#1863=PLANE('',#2073);
#1864=PLANE('',#2076);
#1865=PLANE('',#2079);
#1866=PLANE('',#2082);
#1867=PLANE('',#2085);
#1868=PLANE('',#2088);
#1869=PLANE('',#2091);
#1870=PLANE('',#2094);
#1871=PLANE('',#2097);
#1872=PLANE('',#2100);
#1873=PLANE('',#2103);
#1874=PLANE('',#2106);
#1875=PLANE('',#2109);
#1876=PLANE('',#2112);
#1877=PLANE('',#2115);
#1878=PLANE('',#2118);
#1879=PLANE('',#2121);
#1880=PLANE('',#2124);
#1881=PLANE('',#2127);
#1882=PLANE('',#2130);
#1883=PLANE('',#2133);
#1884=PLANE('',#2136);
#1885=PLANE('',#2139);
#1886=PLANE('',#2142);
#1887=PLANE('',#2145);
#1888=PLANE('',#2148);
#1889=PLANE('',#2151);
#1890=PLANE('',#2154);
#1891=PLANE('',#2157);
#1892=PLANE('',#2160);
#1893=PLANE('',#2163);
#1894=PLANE('',#2166);
#1895=PLANE('',#2169);
#1896=PLANE('',#2172);
#1897=PLANE('',#2175);
#1898=PLANE('',#2178);
#1899=PLANE('',#2181);
#1900=PLANE('',#2182);
#1901=PLANE('',#2183);
#1902=PLANE('',#2190);
#1903=PLANE('',#2191);
#1904=PLANE('',#2192);
#1905=PLANE('',#2195);
#1906=PLANE('',#2196);
#1907=PLANE('',#2197);
#1908=PLANE('',#2198);
#1909=PLANE('',#2201);
#1910=PLANE('',#2204);
#1911=PLANE('',#2207);
#1912=PLANE('',#2210);
#1913=ADVANCED_FACE('',(#177),#1859,.F.);
#1914=ADVANCED_FACE('',(#178,#59,#60,#61,#62,#63,#64,#65,#66,#67,#68,#69,
#70,#71,#72,#73),#1860,.T.);
#1915=ADVANCED_FACE('',(#179),#1861,.F.);
#1916=ADVANCED_FACE('',(#180),#1862,.F.);
#1917=ADVANCED_FACE('',(#181),#1863,.F.);
#1918=ADVANCED_FACE('',(#182),#15,.F.);
#1919=ADVANCED_FACE('',(#183),#1864,.F.);
#1920=ADVANCED_FACE('',(#184),#16,.F.);
#1921=ADVANCED_FACE('',(#185),#1865,.F.);
#1922=ADVANCED_FACE('',(#186),#17,.F.);
#1923=ADVANCED_FACE('',(#187),#1866,.F.);
#1924=ADVANCED_FACE('',(#188),#18,.F.);
#1925=ADVANCED_FACE('',(#189),#1867,.F.);
#1926=ADVANCED_FACE('',(#190),#19,.F.);
#1927=ADVANCED_FACE('',(#191),#1868,.F.);
#1928=ADVANCED_FACE('',(#192),#20,.F.);
#1929=ADVANCED_FACE('',(#193),#1869,.F.);
#1930=ADVANCED_FACE('',(#194),#21,.F.);
#1931=ADVANCED_FACE('',(#195),#1870,.F.);
#1932=ADVANCED_FACE('',(#196),#22,.F.);
#1933=ADVANCED_FACE('',(#197),#1871,.F.);
#1934=ADVANCED_FACE('',(#198),#23,.F.);
#1935=ADVANCED_FACE('',(#199),#1872,.F.);
#1936=ADVANCED_FACE('',(#200),#24,.F.);
#1937=ADVANCED_FACE('',(#201),#1873,.F.);
#1938=ADVANCED_FACE('',(#202),#25,.F.);
#1939=ADVANCED_FACE('',(#203),#1874,.F.);
#1940=ADVANCED_FACE('',(#204),#26,.F.);
#1941=ADVANCED_FACE('',(#205),#1875,.F.);
#1942=ADVANCED_FACE('',(#206),#27,.F.);
#1943=ADVANCED_FACE('',(#207),#1876,.F.);
#1944=ADVANCED_FACE('',(#208),#28,.F.);
#1945=ADVANCED_FACE('',(#209),#1877,.F.);
#1946=ADVANCED_FACE('',(#210),#29,.F.);
#1947=ADVANCED_FACE('',(#211),#1878,.F.);
#1948=ADVANCED_FACE('',(#212),#30,.F.);
#1949=ADVANCED_FACE('',(#213),#1879,.F.);
#1950=ADVANCED_FACE('',(#214),#31,.F.);
#1951=ADVANCED_FACE('',(#215),#1880,.F.);
#1952=ADVANCED_FACE('',(#216),#32,.F.);
#1953=ADVANCED_FACE('',(#217),#1881,.F.);
#1954=ADVANCED_FACE('',(#218),#33,.F.);
#1955=ADVANCED_FACE('',(#219),#1882,.F.);
#1956=ADVANCED_FACE('',(#220),#34,.F.);
#1957=ADVANCED_FACE('',(#221),#1883,.F.);
#1958=ADVANCED_FACE('',(#222),#35,.F.);
#1959=ADVANCED_FACE('',(#223),#1884,.F.);
#1960=ADVANCED_FACE('',(#224),#36,.F.);
#1961=ADVANCED_FACE('',(#225),#1885,.F.);
#1962=ADVANCED_FACE('',(#226),#37,.F.);
#1963=ADVANCED_FACE('',(#227),#1886,.F.);
#1964=ADVANCED_FACE('',(#228),#38,.F.);
#1965=ADVANCED_FACE('',(#229),#1887,.F.);
#1966=ADVANCED_FACE('',(#230),#39,.F.);
#1967=ADVANCED_FACE('',(#231),#1888,.F.);
#1968=ADVANCED_FACE('',(#232),#40,.F.);
#1969=ADVANCED_FACE('',(#233),#1889,.F.);
#1970=ADVANCED_FACE('',(#234),#41,.F.);
#1971=ADVANCED_FACE('',(#235),#1890,.F.);
#1972=ADVANCED_FACE('',(#236),#42,.F.);
#1973=ADVANCED_FACE('',(#237),#1891,.F.);
#1974=ADVANCED_FACE('',(#238),#43,.F.);
#1975=ADVANCED_FACE('',(#239),#1892,.F.);
#1976=ADVANCED_FACE('',(#240),#44,.F.);
#1977=ADVANCED_FACE('',(#241),#1893,.F.);
#1978=ADVANCED_FACE('',(#242),#45,.F.);
#1979=ADVANCED_FACE('',(#243),#1894,.F.);
#1980=ADVANCED_FACE('',(#244),#46,.F.);
#1981=ADVANCED_FACE('',(#245),#1895,.F.);
#1982=ADVANCED_FACE('',(#246),#47,.F.);
#1983=ADVANCED_FACE('',(#247),#1896,.F.);
#1984=ADVANCED_FACE('',(#248),#48,.F.);
#1985=ADVANCED_FACE('',(#249),#1897,.F.);
#1986=ADVANCED_FACE('',(#250),#49,.F.);
#1987=ADVANCED_FACE('',(#251),#1898,.F.);
#1988=ADVANCED_FACE('',(#252),#50,.F.);
#1989=ADVANCED_FACE('',(#253),#1899,.T.);
#1990=ADVANCED_FACE('',(#254),#1900,.T.);
#1991=ADVANCED_FACE('',(#255),#1901,.T.);
#1992=ADVANCED_FACE('',(#256),#51,.F.);
#1993=ADVANCED_FACE('',(#257),#52,.F.);
#1994=ADVANCED_FACE('',(#258),#53,.F.);
#1995=ADVANCED_FACE('',(#259),#1902,.T.);
#1996=ADVANCED_FACE('',(#260),#1903,.T.);
#1997=ADVANCED_FACE('',(#261),#1904,.T.);
#1998=ADVANCED_FACE('',(#262),#54,.F.);
#1999=ADVANCED_FACE('',(#263),#1905,.T.);
#2000=ADVANCED_FACE('',(#264),#1906,.T.);
#2001=ADVANCED_FACE('',(#265),#1907,.T.);
#2002=ADVANCED_FACE('',(#266),#1908,.T.);
#2003=ADVANCED_FACE('',(#267),#55,.T.);
#2004=ADVANCED_FACE('',(#268),#1909,.T.);
#2005=ADVANCED_FACE('',(#269),#56,.T.);
#2006=ADVANCED_FACE('',(#270),#1910,.T.);
#2007=ADVANCED_FACE('',(#271),#57,.T.);
#2008=ADVANCED_FACE('',(#272),#1911,.T.);
#2009=ADVANCED_FACE('',(#273),#58,.T.);
#2010=ADVANCED_FACE('',(#274,#74,#75,#76,#77,#78,#79,#80,#81,#82,#83,#84,
#85,#86,#87,#88),#1912,.F.);
#2011=CLOSED_SHELL('',(#1913,#1914,#1915,#1916,#1917,#1918,#1919,#1920,
#1921,#1922,#1923,#1924,#1925,#1926,#1927,#1928,#1929,#1930,#1931,#1932,
#1933,#1934,#1935,#1936,#1937,#1938,#1939,#1940,#1941,#1942,#1943,#1944,
#1945,#1946,#1947,#1948,#1949,#1950,#1951,#1952,#1953,#1954,#1955,#1956,
#1957,#1958,#1959,#1960,#1961,#1962,#1963,#1964,#1965,#1966,#1967,#1968,
#1969,#1970,#1971,#1972,#1973,#1974,#1975,#1976,#1977,#1978,#1979,#1980,
#1981,#1982,#1983,#1984,#1985,#1986,#1987,#1988,#1989,#1990,#1991,#1992,
#1993,#1994,#1995,#1996,#1997,#1998,#1999,#2000,#2001,#2002,#2003,#2004,
#2005,#2006,#2007,#2008,#2009,#2010));
#2012=DERIVED_UNIT_ELEMENT(#2014,1.);
#2013=DERIVED_UNIT_ELEMENT(#3369,-3.);
#2014=(
MASS_UNIT()
NAMED_UNIT(*)
SI_UNIT(.KILO.,.GRAM.)
);
#2015=DERIVED_UNIT((#2012,#2013));
#2016=MEASURE_REPRESENTATION_ITEM('density measure',
POSITIVE_RATIO_MEASURE(7850.),#2015);
#2017=PROPERTY_DEFINITION_REPRESENTATION(#2022,#2019);
#2018=PROPERTY_DEFINITION_REPRESENTATION(#2023,#2020);
#2019=REPRESENTATION('material name',(#2021),#3366);
#2020=REPRESENTATION('density',(#2016),#3366);
#2021=DESCRIPTIVE_REPRESENTATION_ITEM('Steel','Steel');
#2022=PROPERTY_DEFINITION('material property','material name',#3376);
#2023=PROPERTY_DEFINITION('material property','density of part',#3376);
#2024=AXIS2_PLACEMENT_3D('',#2785,#2211,#2212);
#2025=AXIS2_PLACEMENT_3D('',#2786,#2213,#2214);
#2026=AXIS2_PLACEMENT_3D('',#2795,#2219,#2220);
#2027=AXIS2_PLACEMENT_3D('',#2806,#2225,#2226);
#2028=AXIS2_PLACEMENT_3D('',#2810,#2228,#2229);
#2029=AXIS2_PLACEMENT_3D('',#2814,#2231,#2232);
#2030=AXIS2_PLACEMENT_3D('',#2818,#2234,#2235);
#2031=AXIS2_PLACEMENT_3D('',#2826,#2240,#2241);
#2032=AXIS2_PLACEMENT_3D('',#2828,#2242,#2243);
#2033=AXIS2_PLACEMENT_3D('',#2830,#2244,#2245);
#2034=AXIS2_PLACEMENT_3D('',#2840,#2250,#2251);
#2035=AXIS2_PLACEMENT_3D('',#2845,#2253,#2254);
#2036=AXIS2_PLACEMENT_3D('',#2849,#2256,#2257);
#2037=AXIS2_PLACEMENT_3D('',#2853,#2259,#2260);
#2038=AXIS2_PLACEMENT_3D('',#2856,#2262,#2263);
#2039=AXIS2_PLACEMENT_3D('',#2861,#2265,#2266);
#2040=AXIS2_PLACEMENT_3D('',#2865,#2268,#2269);
#2041=AXIS2_PLACEMENT_3D('',#2869,#2271,#2272);
#2042=AXIS2_PLACEMENT_3D('',#2872,#2274,#2275);
#2043=AXIS2_PLACEMENT_3D('',#2877,#2277,#2278);
#2044=AXIS2_PLACEMENT_3D('',#2881,#2280,#2281);
#2045=AXIS2_PLACEMENT_3D('',#2885,#2283,#2284);
#2046=AXIS2_PLACEMENT_3D('',#2888,#2286,#2287);
#2047=AXIS2_PLACEMENT_3D('',#2893,#2289,#2290);
#2048=AXIS2_PLACEMENT_3D('',#2897,#2292,#2293);
#2049=AXIS2_PLACEMENT_3D('',#2901,#2295,#2296);
#2050=AXIS2_PLACEMENT_3D('',#2904,#2298,#2299);
#2051=AXIS2_PLACEMENT_3D('',#2909,#2301,#2302);
#2052=AXIS2_PLACEMENT_3D('',#2913,#2304,#2305);
#2053=AXIS2_PLACEMENT_3D('',#2917,#2307,#2308);
#2054=AXIS2_PLACEMENT_3D('',#2920,#2310,#2311);
#2055=AXIS2_PLACEMENT_3D('',#2925,#2313,#2314);
#2056=AXIS2_PLACEMENT_3D('',#2929,#2316,#2317);
#2057=AXIS2_PLACEMENT_3D('',#2933,#2319,#2320);
#2058=AXIS2_PLACEMENT_3D('',#2936,#2322,#2323);
#2059=AXIS2_PLACEMENT_3D('',#2941,#2325,#2326);
#2060=AXIS2_PLACEMENT_3D('',#2945,#2328,#2329);
#2061=AXIS2_PLACEMENT_3D('',#2949,#2331,#2332);
#2062=AXIS2_PLACEMENT_3D('',#2952,#2334,#2335);
#2063=AXIS2_PLACEMENT_3D('',#2957,#2337,#2338);
#2064=AXIS2_PLACEMENT_3D('',#2961,#2340,#2341);
#2065=AXIS2_PLACEMENT_3D('',#2965,#2343,#2344);
#2066=AXIS2_PLACEMENT_3D('',#2968,#2346,#2347);
#2067=AXIS2_PLACEMENT_3D('',#2973,#2349,#2350);
#2068=AXIS2_PLACEMENT_3D('',#2977,#2352,#2353);
#2069=AXIS2_PLACEMENT_3D('',#2981,#2355,#2356);
#2070=AXIS2_PLACEMENT_3D('',#2984,#2358,#2359);
#2071=AXIS2_PLACEMENT_3D('',#2985,#2360,#2361);
#2072=AXIS2_PLACEMENT_3D('',#2991,#2365,#2366);
#2073=AXIS2_PLACEMENT_3D('',#2997,#2370,#2371);
#2074=AXIS2_PLACEMENT_3D('',#3003,#2375,#2376);
#2075=AXIS2_PLACEMENT_3D('',#3005,#2377,#2378);
#2076=AXIS2_PLACEMENT_3D('',#3007,#2380,#2381);
#2077=AXIS2_PLACEMENT_3D('',#3011,#2384,#2385);
#2078=AXIS2_PLACEMENT_3D('',#3013,#2386,#2387);
#2079=AXIS2_PLACEMENT_3D('',#3015,#2389,#2390);
#2080=AXIS2_PLACEMENT_3D('',#3019,#2393,#2394);
#2081=AXIS2_PLACEMENT_3D('',#3021,#2395,#2396);
#2082=AXIS2_PLACEMENT_3D('',#3023,#2398,#2399);
#2083=AXIS2_PLACEMENT_3D('',#3027,#2402,#2403);
#2084=AXIS2_PLACEMENT_3D('',#3028,#2404,#2405);
#2085=AXIS2_PLACEMENT_3D('',#3029,#2406,#2407);
#2086=AXIS2_PLACEMENT_3D('',#3035,#2411,#2412);
#2087=AXIS2_PLACEMENT_3D('',#3037,#2413,#2414);
#2088=AXIS2_PLACEMENT_3D('',#3039,#2416,#2417);
#2089=AXIS2_PLACEMENT_3D('',#3043,#2420,#2421);
#2090=AXIS2_PLACEMENT_3D('',#3045,#2422,#2423);
#2091=AXIS2_PLACEMENT_3D('',#3047,#2425,#2426);
#2092=AXIS2_PLACEMENT_3D('',#3051,#2429,#2430);
#2093=AXIS2_PLACEMENT_3D('',#3053,#2431,#2432);
#2094=AXIS2_PLACEMENT_3D('',#3055,#2434,#2435);
#2095=AXIS2_PLACEMENT_3D('',#3059,#2438,#2439);
#2096=AXIS2_PLACEMENT_3D('',#3060,#2440,#2441);
#2097=AXIS2_PLACEMENT_3D('',#3061,#2442,#2443);
#2098=AXIS2_PLACEMENT_3D('',#3067,#2447,#2448);
#2099=AXIS2_PLACEMENT_3D('',#3069,#2449,#2450);
#2100=AXIS2_PLACEMENT_3D('',#3071,#2452,#2453);
#2101=AXIS2_PLACEMENT_3D('',#3075,#2456,#2457);
#2102=AXIS2_PLACEMENT_3D('',#3077,#2458,#2459);
#2103=AXIS2_PLACEMENT_3D('',#3079,#2461,#2462);
#2104=AXIS2_PLACEMENT_3D('',#3083,#2465,#2466);
#2105=AXIS2_PLACEMENT_3D('',#3085,#2467,#2468);
#2106=AXIS2_PLACEMENT_3D('',#3087,#2470,#2471);
#2107=AXIS2_PLACEMENT_3D('',#3091,#2474,#2475);
#2108=AXIS2_PLACEMENT_3D('',#3092,#2476,#2477);
#2109=AXIS2_PLACEMENT_3D('',#3093,#2478,#2479);
#2110=AXIS2_PLACEMENT_3D('',#3099,#2483,#2484);
#2111=AXIS2_PLACEMENT_3D('',#3101,#2485,#2486);
#2112=AXIS2_PLACEMENT_3D('',#3103,#2488,#2489);
#2113=AXIS2_PLACEMENT_3D('',#3107,#2492,#2493);
#2114=AXIS2_PLACEMENT_3D('',#3109,#2494,#2495);
#2115=AXIS2_PLACEMENT_3D('',#3111,#2497,#2498);
#2116=AXIS2_PLACEMENT_3D('',#3115,#2501,#2502);
#2117=AXIS2_PLACEMENT_3D('',#3117,#2503,#2504);
#2118=AXIS2_PLACEMENT_3D('',#3119,#2506,#2507);
#2119=AXIS2_PLACEMENT_3D('',#3123,#2510,#2511);
#2120=AXIS2_PLACEMENT_3D('',#3124,#2512,#2513);
#2121=AXIS2_PLACEMENT_3D('',#3125,#2514,#2515);
#2122=AXIS2_PLACEMENT_3D('',#3131,#2519,#2520);
#2123=AXIS2_PLACEMENT_3D('',#3133,#2521,#2522);
#2124=AXIS2_PLACEMENT_3D('',#3135,#2524,#2525);
#2125=AXIS2_PLACEMENT_3D('',#3139,#2528,#2529);
#2126=AXIS2_PLACEMENT_3D('',#3141,#2530,#2531);
#2127=AXIS2_PLACEMENT_3D('',#3143,#2533,#2534);
#2128=AXIS2_PLACEMENT_3D('',#3147,#2537,#2538);
#2129=AXIS2_PLACEMENT_3D('',#3149,#2539,#2540);
#2130=AXIS2_PLACEMENT_3D('',#3151,#2542,#2543);
#2131=AXIS2_PLACEMENT_3D('',#3155,#2546,#2547);
#2132=AXIS2_PLACEMENT_3D('',#3156,#2548,#2549);
#2133=AXIS2_PLACEMENT_3D('',#3157,#2550,#2551);
#2134=AXIS2_PLACEMENT_3D('',#3163,#2555,#2556);
#2135=AXIS2_PLACEMENT_3D('',#3165,#2557,#2558);
#2136=AXIS2_PLACEMENT_3D('',#3167,#2560,#2561);
#2137=AXIS2_PLACEMENT_3D('',#3171,#2564,#2565);
#2138=AXIS2_PLACEMENT_3D('',#3173,#2566,#2567);
#2139=AXIS2_PLACEMENT_3D('',#3175,#2569,#2570);
#2140=AXIS2_PLACEMENT_3D('',#3179,#2573,#2574);
#2141=AXIS2_PLACEMENT_3D('',#3181,#2575,#2576);
#2142=AXIS2_PLACEMENT_3D('',#3183,#2578,#2579);
#2143=AXIS2_PLACEMENT_3D('',#3187,#2582,#2583);
#2144=AXIS2_PLACEMENT_3D('',#3188,#2584,#2585);
#2145=AXIS2_PLACEMENT_3D('',#3189,#2586,#2587);
#2146=AXIS2_PLACEMENT_3D('',#3195,#2591,#2592);
#2147=AXIS2_PLACEMENT_3D('',#3197,#2593,#2594);
#2148=AXIS2_PLACEMENT_3D('',#3199,#2596,#2597);
#2149=AXIS2_PLACEMENT_3D('',#3203,#2600,#2601);
#2150=AXIS2_PLACEMENT_3D('',#3205,#2602,#2603);
#2151=AXIS2_PLACEMENT_3D('',#3207,#2605,#2606);
#2152=AXIS2_PLACEMENT_3D('',#3211,#2609,#2610);
#2153=AXIS2_PLACEMENT_3D('',#3213,#2611,#2612);
#2154=AXIS2_PLACEMENT_3D('',#3215,#2614,#2615);
#2155=AXIS2_PLACEMENT_3D('',#3219,#2618,#2619);
#2156=AXIS2_PLACEMENT_3D('',#3220,#2620,#2621);
#2157=AXIS2_PLACEMENT_3D('',#3221,#2622,#2623);
#2158=AXIS2_PLACEMENT_3D('',#3227,#2627,#2628);
#2159=AXIS2_PLACEMENT_3D('',#3229,#2629,#2630);
#2160=AXIS2_PLACEMENT_3D('',#3231,#2632,#2633);
#2161=AXIS2_PLACEMENT_3D('',#3235,#2636,#2637);
#2162=AXIS2_PLACEMENT_3D('',#3237,#2638,#2639);
#2163=AXIS2_PLACEMENT_3D('',#3239,#2641,#2642);
#2164=AXIS2_PLACEMENT_3D('',#3243,#2645,#2646);
#2165=AXIS2_PLACEMENT_3D('',#3245,#2647,#2648);
#2166=AXIS2_PLACEMENT_3D('',#3247,#2650,#2651);
#2167=AXIS2_PLACEMENT_3D('',#3251,#2654,#2655);
#2168=AXIS2_PLACEMENT_3D('',#3252,#2656,#2657);
#2169=AXIS2_PLACEMENT_3D('',#3253,#2658,#2659);
#2170=AXIS2_PLACEMENT_3D('',#3259,#2663,#2664);
#2171=AXIS2_PLACEMENT_3D('',#3261,#2665,#2666);
#2172=AXIS2_PLACEMENT_3D('',#3263,#2668,#2669);
#2173=AXIS2_PLACEMENT_3D('',#3267,#2672,#2673);
#2174=AXIS2_PLACEMENT_3D('',#3269,#2674,#2675);
#2175=AXIS2_PLACEMENT_3D('',#3271,#2677,#2678);
#2176=AXIS2_PLACEMENT_3D('',#3275,#2681,#2682);
#2177=AXIS2_PLACEMENT_3D('',#3277,#2683,#2684);
#2178=AXIS2_PLACEMENT_3D('',#3279,#2686,#2687);
#2179=AXIS2_PLACEMENT_3D('',#3283,#2690,#2691);
#2180=AXIS2_PLACEMENT_3D('',#3284,#2692,#2693);
#2181=AXIS2_PLACEMENT_3D('',#3285,#2694,#2695);
#2182=AXIS2_PLACEMENT_3D('',#3291,#2699,#2700);
#2183=AXIS2_PLACEMENT_3D('',#3293,#2702,#2703);
#2184=AXIS2_PLACEMENT_3D('',#3295,#2705,#2706);
#2185=AXIS2_PLACEMENT_3D('',#3298,#2708,#2709);
#2186=AXIS2_PLACEMENT_3D('',#3299,#2710,#2711);
#2187=AXIS2_PLACEMENT_3D('',#3302,#2713,#2714);
#2188=AXIS2_PLACEMENT_3D('',#3303,#2715,#2716);
#2189=AXIS2_PLACEMENT_3D('',#3306,#2718,#2719);
#2190=AXIS2_PLACEMENT_3D('',#3307,#2720,#2721);
#2191=AXIS2_PLACEMENT_3D('',#3313,#2725,#2726);
#2192=AXIS2_PLACEMENT_3D('',#3315,#2728,#2729);
#2193=AXIS2_PLACEMENT_3D('',#3317,#2731,#2732);
#2194=AXIS2_PLACEMENT_3D('',#3320,#2734,#2735);
#2195=AXIS2_PLACEMENT_3D('',#3321,#2736,#2737);
#2196=AXIS2_PLACEMENT_3D('',#3327,#2741,#2742);
#2197=AXIS2_PLACEMENT_3D('',#3329,#2744,#2745);
#2198=AXIS2_PLACEMENT_3D('',#3333,#2748,#2749);
#2199=AXIS2_PLACEMENT_3D('',#3337,#2752,#2753);
#2200=AXIS2_PLACEMENT_3D('',#3339,#2754,#2755);
#2201=AXIS2_PLACEMENT_3D('',#3341,#2757,#2758);
#2202=AXIS2_PLACEMENT_3D('',#3345,#2761,#2762);
#2203=AXIS2_PLACEMENT_3D('',#3347,#2763,#2764);
#2204=AXIS2_PLACEMENT_3D('',#3349,#2766,#2767);
#2205=AXIS2_PLACEMENT_3D('',#3353,#2770,#2771);
#2206=AXIS2_PLACEMENT_3D('',#3355,#2772,#2773);
#2207=AXIS2_PLACEMENT_3D('',#3357,#2775,#2776);
#2208=AXIS2_PLACEMENT_3D('',#3361,#2779,#2780);
#2209=AXIS2_PLACEMENT_3D('',#3362,#2781,#2782);
#2210=AXIS2_PLACEMENT_3D('',#3363,#2783,#2784);
#2211=DIRECTION('axis',(0.,0.,1.));
#2212=DIRECTION('refdir',(1.,0.,0.));
#2213=DIRECTION('center_axis',(0.,1.,0.));
#2214=DIRECTION('ref_axis',(0.,0.,1.));
#2215=DIRECTION('',(-1.,0.,0.));
#2216=DIRECTION('',(0.,0.,-1.));
#2217=DIRECTION('',(1.,0.,0.));
#2218=DIRECTION('',(0.,0.,1.));
#2219=DIRECTION('center_axis',(0.,0.,1.));
#2220=DIRECTION('ref_axis',(1.,0.,0.));
#2221=DIRECTION('',(0.,1.,0.));
#2222=DIRECTION('',(1.,0.,0.));
#2223=DIRECTION('',(0.,-1.,0.));
#2224=DIRECTION('',(1.,0.,0.));
#2225=DIRECTION('center_axis',(0.,0.,1.));
#2226=DIRECTION('ref_axis',(1.77635683940024E-15,-1.,0.));
#2227=DIRECTION('',(-9.40468466433847E-17,1.,0.));
#2228=DIRECTION('center_axis',(0.,0.,1.));
#2229=DIRECTION('ref_axis',(1.,0.,0.));
#2230=DIRECTION('',(-1.,0.,0.));
#2231=DIRECTION('center_axis',(0.,0.,1.));
#2232=DIRECTION('ref_axis',(8.88178419700126E-16,1.,0.));
#2233=DIRECTION('',(9.40468466433847E-17,-1.,0.));
#2234=DIRECTION('center_axis',(0.,0.,1.));
#2235=DIRECTION('ref_axis',(-1.,0.,0.));
#2236=DIRECTION('',(1.,0.,0.));
#2237=DIRECTION('',(0.,1.,0.));
#2238=DIRECTION('',(0.,-1.,0.));
#2239=DIRECTION('',(-1.,0.,0.));
#2240=DIRECTION('center_axis',(0.,0.,-1.));
#2241=DIRECTION('ref_axis',(1.,0.,0.));
#2242=DIRECTION('center_axis',(0.,0.,-1.));
#2243=DIRECTION('ref_axis',(1.,0.,0.));
#2244=DIRECTION('center_axis',(0.,0.,-1.));
#2245=DIRECTION('ref_axis',(1.,0.,0.));
#2246=DIRECTION('',(0.,1.,0.));
#2247=DIRECTION('',(1.,0.,0.));
#2248=DIRECTION('',(0.,-1.,0.));
#2249=DIRECTION('',(-1.,0.,0.));
#2250=DIRECTION('center_axis',(0.,0.,-1.));
#2251=DIRECTION('ref_axis',(1.,0.,0.));
#2252=DIRECTION('',(1.,0.,0.));
#2253=DIRECTION('center_axis',(0.,0.,-1.));
#2254=DIRECTION('ref_axis',(1.,0.,0.));
#2255=DIRECTION('',(0.,-1.,0.));
#2256=DIRECTION('center_axis',(0.,0.,-1.));
#2257=DIRECTION('ref_axis',(0.,-1.,0.));
#2258=DIRECTION('',(-1.,0.,0.));
#2259=DIRECTION('center_axis',(0.,0.,-1.));
#2260=DIRECTION('ref_axis',(-1.,0.,0.));
#2261=DIRECTION('',(0.,1.,0.));
#2262=DIRECTION('center_axis',(0.,0.,-1.));
#2263=DIRECTION('ref_axis',(0.,1.,0.));
#2264=DIRECTION('',(1.,0.,0.));
#2265=DIRECTION('center_axis',(0.,0.,-1.));
#2266=DIRECTION('ref_axis',(1.,0.,0.));
#2267=DIRECTION('',(0.,-1.,0.));
#2268=DIRECTION('center_axis',(0.,0.,-1.));
#2269=DIRECTION('ref_axis',(0.,-1.,0.));
#2270=DIRECTION('',(-1.,0.,0.));
#2271=DIRECTION('center_axis',(0.,0.,-1.));
#2272=DIRECTION('ref_axis',(-1.,0.,0.));
#2273=DIRECTION('',(0.,1.,0.));
#2274=DIRECTION('center_axis',(0.,0.,-1.));
#2275=DIRECTION('ref_axis',(0.,1.,0.));
#2276=DIRECTION('',(1.,0.,0.));
#2277=DIRECTION('center_axis',(0.,0.,-1.));
#2278=DIRECTION('ref_axis',(1.,0.,0.));
#2279=DIRECTION('',(0.,-1.,0.));
#2280=DIRECTION('center_axis',(0.,0.,-1.));
#2281=DIRECTION('ref_axis',(0.,-1.,0.));
#2282=DIRECTION('',(-1.,0.,0.));
#2283=DIRECTION('center_axis',(0.,0.,-1.));
#2284=DIRECTION('ref_axis',(-1.,0.,0.));
#2285=DIRECTION('',(0.,1.,0.));
#2286=DIRECTION('center_axis',(0.,0.,-1.));
#2287=DIRECTION('ref_axis',(0.,1.,0.));
#2288=DIRECTION('',(1.,0.,0.));
#2289=DIRECTION('center_axis',(0.,0.,-1.));
#2290=DIRECTION('ref_axis',(1.,0.,0.));
#2291=DIRECTION('',(0.,-1.,0.));
#2292=DIRECTION('center_axis',(0.,0.,-1.));
#2293=DIRECTION('ref_axis',(0.,-1.,0.));
#2294=DIRECTION('',(-1.,0.,0.));
#2295=DIRECTION('center_axis',(0.,0.,-1.));
#2296=DIRECTION('ref_axis',(-1.,0.,0.));
#2297=DIRECTION('',(0.,1.,0.));
#2298=DIRECTION('center_axis',(0.,0.,-1.));
#2299=DIRECTION('ref_axis',(0.,1.,0.));
#2300=DIRECTION('',(1.,0.,0.));
#2301=DIRECTION('center_axis',(0.,0.,-1.));
#2302=DIRECTION('ref_axis',(1.,0.,0.));
#2303=DIRECTION('',(0.,-1.,0.));
#2304=DIRECTION('center_axis',(0.,0.,-1.));
#2305=DIRECTION('ref_axis',(0.,-1.,0.));
#2306=DIRECTION('',(-1.,0.,0.));
#2307=DIRECTION('center_axis',(0.,0.,-1.));
#2308=DIRECTION('ref_axis',(-1.,0.,0.));
#2309=DIRECTION('',(0.,1.,0.));
#2310=DIRECTION('center_axis',(0.,0.,-1.));
#2311=DIRECTION('ref_axis',(0.,1.,0.));
#2312=DIRECTION('',(1.,0.,0.));
#2313=DIRECTION('center_axis',(0.,0.,-1.));
#2314=DIRECTION('ref_axis',(1.,0.,0.));
#2315=DIRECTION('',(0.,-1.,0.));
#2316=DIRECTION('center_axis',(0.,0.,-1.));
#2317=DIRECTION('ref_axis',(0.,-1.,0.));
#2318=DIRECTION('',(-1.,0.,0.));
#2319=DIRECTION('center_axis',(0.,0.,-1.));
#2320=DIRECTION('ref_axis',(-1.,0.,0.));
#2321=DIRECTION('',(0.,1.,0.));
#2322=DIRECTION('center_axis',(0.,0.,-1.));
#2323=DIRECTION('ref_axis',(0.,1.,0.));
#2324=DIRECTION('',(1.,0.,0.));
#2325=DIRECTION('center_axis',(0.,0.,-1.));
#2326=DIRECTION('ref_axis',(1.,0.,0.));
#2327=DIRECTION('',(0.,-1.,0.));
#2328=DIRECTION('center_axis',(0.,0.,-1.));
#2329=DIRECTION('ref_axis',(0.,-1.,0.));
#2330=DIRECTION('',(-1.,0.,0.));
#2331=DIRECTION('center_axis',(0.,0.,-1.));
#2332=DIRECTION('ref_axis',(-1.,0.,0.));
#2333=DIRECTION('',(0.,1.,0.));
#2334=DIRECTION('center_axis',(0.,0.,-1.));
#2335=DIRECTION('ref_axis',(0.,1.,0.));
#2336=DIRECTION('',(1.,0.,0.));
#2337=DIRECTION('center_axis',(0.,0.,-1.));
#2338=DIRECTION('ref_axis',(1.,0.,0.));
#2339=DIRECTION('',(0.,-1.,0.));
#2340=DIRECTION('center_axis',(0.,0.,-1.));
#2341=DIRECTION('ref_axis',(0.,-1.,0.));
#2342=DIRECTION('',(-1.,0.,0.));
#2343=DIRECTION('center_axis',(0.,0.,-1.));
#2344=DIRECTION('ref_axis',(-1.,0.,0.));
#2345=DIRECTION('',(0.,1.,0.));
#2346=DIRECTION('center_axis',(0.,0.,-1.));
#2347=DIRECTION('ref_axis',(0.,1.,0.));
#2348=DIRECTION('',(1.,0.,0.));
#2349=DIRECTION('center_axis',(0.,0.,-1.));
#2350=DIRECTION('ref_axis',(1.,0.,0.));
#2351=DIRECTION('',(0.,-1.,0.));
#2352=DIRECTION('center_axis',(0.,0.,-1.));
#2353=DIRECTION('ref_axis',(0.,-1.,0.));
#2354=DIRECTION('',(-1.,0.,0.));
#2355=DIRECTION('center_axis',(0.,0.,-1.));
#2356=DIRECTION('ref_axis',(-1.,0.,0.));
#2357=DIRECTION('',(0.,1.,0.));
#2358=DIRECTION('center_axis',(0.,0.,-1.));
#2359=DIRECTION('ref_axis',(0.,1.,0.));
#2360=DIRECTION('center_axis',(0.,1.,0.));
#2361=DIRECTION('ref_axis',(0.,0.,1.));
#2362=DIRECTION('',(-1.,0.,0.));
#2363=DIRECTION('',(0.,0.,-1.));
#2364=DIRECTION('',(0.,0.,1.));
#2365=DIRECTION('center_axis',(0.,1.,0.));
#2366=DIRECTION('ref_axis',(0.,0.,1.));
#2367=DIRECTION('',(-1.,0.,0.));
#2368=DIRECTION('',(0.,0.,-1.));
#2369=DIRECTION('',(0.,0.,1.));
#2370=DIRECTION('center_axis',(0.,1.,0.));
#2371=DIRECTION('ref_axis',(-1.,0.,0.));
#2372=DIRECTION('',(-1.,0.,0.));
#2373=DIRECTION('',(0.,0.,1.));
#2374=DIRECTION('',(0.,0.,1.));
#2375=DIRECTION('center_axis',(0.,0.,1.));
#2376=DIRECTION('ref_axis',(1.,0.,0.));
#2377=DIRECTION('center_axis',(0.,0.,1.));
#2378=DIRECTION('ref_axis',(1.,0.,0.));
#2379=DIRECTION('',(0.,0.,1.));
#2380=DIRECTION('center_axis',(1.,0.,0.));
#2381=DIRECTION('ref_axis',(0.,1.,0.));
#2382=DIRECTION('',(0.,1.,0.));
#2383=DIRECTION('',(0.,0.,1.));
#2384=DIRECTION('center_axis',(0.,0.,1.));
#2385=DIRECTION('ref_axis',(0.,-1.,0.));
#2386=DIRECTION('center_axis',(0.,0.,1.));
#2387=DIRECTION('ref_axis',(0.,-1.,0.));
#2388=DIRECTION('',(0.,0.,1.));
#2389=DIRECTION('center_axis',(0.,-1.,0.));
#2390=DIRECTION('ref_axis',(1.,0.,0.));
#2391=DIRECTION('',(1.,0.,0.));
#2392=DIRECTION('',(0.,0.,1.));
#2393=DIRECTION('center_axis',(0.,0.,1.));
#2394=DIRECTION('ref_axis',(-1.,0.,0.));
#2395=DIRECTION('center_axis',(0.,0.,1.));
#2396=DIRECTION('ref_axis',(-1.,0.,0.));
#2397=DIRECTION('',(0.,0.,1.));
#2398=DIRECTION('center_axis',(-1.,0.,0.));
#2399=DIRECTION('ref_axis',(0.,-1.,0.));
#2400=DIRECTION('',(0.,-1.,0.));
#2401=DIRECTION('',(0.,0.,1.));
#2402=DIRECTION('center_axis',(0.,0.,1.));
#2403=DIRECTION('ref_axis',(0.,1.,0.));
#2404=DIRECTION('center_axis',(0.,0.,1.));
#2405=DIRECTION('ref_axis',(0.,1.,0.));
#2406=DIRECTION('center_axis',(0.,1.,0.));
#2407=DIRECTION('ref_axis',(-1.,0.,0.));
#2408=DIRECTION('',(-1.,0.,0.));
#2409=DIRECTION('',(0.,0.,1.));
#2410=DIRECTION('',(0.,0.,1.));
#2411=DIRECTION('center_axis',(0.,0.,1.));
#2412=DIRECTION('ref_axis',(1.,0.,0.));
#2413=DIRECTION('center_axis',(0.,0.,1.));
#2414=DIRECTION('ref_axis',(1.,0.,0.));
#2415=DIRECTION('',(0.,0.,1.));
#2416=DIRECTION('center_axis',(1.,0.,0.));
#2417=DIRECTION('ref_axis',(0.,1.,0.));
#2418=DIRECTION('',(0.,1.,0.));
#2419=DIRECTION('',(0.,0.,1.));
#2420=DIRECTION('center_axis',(0.,0.,1.));
#2421=DIRECTION('ref_axis',(0.,-1.,0.));
#2422=DIRECTION('center_axis',(0.,0.,1.));
#2423=DIRECTION('ref_axis',(0.,-1.,0.));
#2424=DIRECTION('',(0.,0.,1.));
#2425=DIRECTION('center_axis',(0.,-1.,0.));
#2426=DIRECTION('ref_axis',(1.,0.,0.));
#2427=DIRECTION('',(1.,0.,0.));
#2428=DIRECTION('',(0.,0.,1.));
#2429=DIRECTION('center_axis',(0.,0.,1.));
#2430=DIRECTION('ref_axis',(-1.,0.,0.));
#2431=DIRECTION('center_axis',(0.,0.,1.));
#2432=DIRECTION('ref_axis',(-1.,0.,0.));
#2433=DIRECTION('',(0.,0.,1.));
#2434=DIRECTION('center_axis',(-1.,0.,0.));
#2435=DIRECTION('ref_axis',(0.,-1.,0.));
#2436=DIRECTION('',(0.,-1.,0.));
#2437=DIRECTION('',(0.,0.,1.));
#2438=DIRECTION('center_axis',(0.,0.,1.));
#2439=DIRECTION('ref_axis',(0.,1.,0.));
#2440=DIRECTION('center_axis',(0.,0.,1.));
#2441=DIRECTION('ref_axis',(0.,1.,0.));
#2442=DIRECTION('center_axis',(0.,1.,0.));
#2443=DIRECTION('ref_axis',(-1.,0.,0.));
#2444=DIRECTION('',(-1.,0.,0.));
#2445=DIRECTION('',(0.,0.,1.));
#2446=DIRECTION('',(0.,0.,1.));
#2447=DIRECTION('center_axis',(0.,0.,1.));
#2448=DIRECTION('ref_axis',(1.,0.,0.));
#2449=DIRECTION('center_axis',(0.,0.,1.));
#2450=DIRECTION('ref_axis',(1.,0.,0.));
#2451=DIRECTION('',(0.,0.,1.));
#2452=DIRECTION('center_axis',(1.,0.,0.));
#2453=DIRECTION('ref_axis',(0.,1.,0.));
#2454=DIRECTION('',(0.,1.,0.));
#2455=DIRECTION('',(0.,0.,1.));
#2456=DIRECTION('center_axis',(0.,0.,1.));
#2457=DIRECTION('ref_axis',(0.,-1.,0.));
#2458=DIRECTION('center_axis',(0.,0.,1.));
#2459=DIRECTION('ref_axis',(0.,-1.,0.));
#2460=DIRECTION('',(0.,0.,1.));
#2461=DIRECTION('center_axis',(0.,-1.,0.));
#2462=DIRECTION('ref_axis',(1.,0.,0.));
#2463=DIRECTION('',(1.,0.,0.));
#2464=DIRECTION('',(0.,0.,1.));
#2465=DIRECTION('center_axis',(0.,0.,1.));
#2466=DIRECTION('ref_axis',(-1.,0.,0.));
#2467=DIRECTION('center_axis',(0.,0.,1.));
#2468=DIRECTION('ref_axis',(-1.,0.,0.));
#2469=DIRECTION('',(0.,0.,1.));
#2470=DIRECTION('center_axis',(-1.,0.,0.));
#2471=DIRECTION('ref_axis',(0.,-1.,0.));
#2472=DIRECTION('',(0.,-1.,0.));
#2473=DIRECTION('',(0.,0.,1.));
#2474=DIRECTION('center_axis',(0.,0.,1.));
#2475=DIRECTION('ref_axis',(0.,1.,0.));
#2476=DIRECTION('center_axis',(0.,0.,1.));
#2477=DIRECTION('ref_axis',(0.,1.,0.));
#2478=DIRECTION('center_axis',(0.,1.,0.));
#2479=DIRECTION('ref_axis',(-1.,0.,0.));
#2480=DIRECTION('',(-1.,0.,0.));
#2481=DIRECTION('',(0.,0.,1.));
#2482=DIRECTION('',(0.,0.,1.));
#2483=DIRECTION('center_axis',(0.,0.,1.));
#2484=DIRECTION('ref_axis',(1.,0.,0.));
#2485=DIRECTION('center_axis',(0.,0.,1.));
#2486=DIRECTION('ref_axis',(1.,0.,0.));
#2487=DIRECTION('',(0.,0.,1.));
#2488=DIRECTION('center_axis',(1.,0.,0.));
#2489=DIRECTION('ref_axis',(0.,1.,0.));
#2490=DIRECTION('',(0.,1.,0.));
#2491=DIRECTION('',(0.,0.,1.));
#2492=DIRECTION('center_axis',(0.,0.,1.));
#2493=DIRECTION('ref_axis',(0.,-1.,0.));
#2494=DIRECTION('center_axis',(0.,0.,1.));
#2495=DIRECTION('ref_axis',(0.,-1.,0.));
#2496=DIRECTION('',(0.,0.,1.));
#2497=DIRECTION('center_axis',(0.,-1.,0.));
#2498=DIRECTION('ref_axis',(1.,0.,0.));
#2499=DIRECTION('',(1.,0.,0.));
#2500=DIRECTION('',(0.,0.,1.));
#2501=DIRECTION('center_axis',(0.,0.,1.));
#2502=DIRECTION('ref_axis',(-1.,0.,0.));
#2503=DIRECTION('center_axis',(0.,0.,1.));
#2504=DIRECTION('ref_axis',(-1.,0.,0.));
#2505=DIRECTION('',(0.,0.,1.));
#2506=DIRECTION('center_axis',(-1.,0.,0.));
#2507=DIRECTION('ref_axis',(0.,-1.,0.));
#2508=DIRECTION('',(0.,-1.,0.));
#2509=DIRECTION('',(0.,0.,1.));
#2510=DIRECTION('center_axis',(0.,0.,1.));
#2511=DIRECTION('ref_axis',(0.,1.,0.));
#2512=DIRECTION('center_axis',(0.,0.,1.));
#2513=DIRECTION('ref_axis',(0.,1.,0.));
#2514=DIRECTION('center_axis',(0.,1.,0.));
#2515=DIRECTION('ref_axis',(-1.,0.,0.));
#2516=DIRECTION('',(-1.,0.,0.));
#2517=DIRECTION('',(0.,0.,1.));
#2518=DIRECTION('',(0.,0.,1.));
#2519=DIRECTION('center_axis',(0.,0.,1.));
#2520=DIRECTION('ref_axis',(1.,0.,0.));
#2521=DIRECTION('center_axis',(0.,0.,1.));
#2522=DIRECTION('ref_axis',(1.,0.,0.));
#2523=DIRECTION('',(0.,0.,1.));
#2524=DIRECTION('center_axis',(1.,0.,0.));
#2525=DIRECTION('ref_axis',(0.,1.,0.));
#2526=DIRECTION('',(0.,1.,0.));
#2527=DIRECTION('',(0.,0.,1.));
#2528=DIRECTION('center_axis',(0.,0.,1.));
#2529=DIRECTION('ref_axis',(0.,-1.,0.));
#2530=DIRECTION('center_axis',(0.,0.,1.));
#2531=DIRECTION('ref_axis',(0.,-1.,0.));
#2532=DIRECTION('',(0.,0.,1.));
#2533=DIRECTION('center_axis',(0.,-1.,0.));
#2534=DIRECTION('ref_axis',(1.,0.,0.));
#2535=DIRECTION('',(1.,0.,0.));
#2536=DIRECTION('',(0.,0.,1.));
#2537=DIRECTION('center_axis',(0.,0.,1.));
#2538=DIRECTION('ref_axis',(-1.,0.,0.));
#2539=DIRECTION('center_axis',(0.,0.,1.));
#2540=DIRECTION('ref_axis',(-1.,0.,0.));
#2541=DIRECTION('',(0.,0.,1.));
#2542=DIRECTION('center_axis',(-1.,0.,0.));
#2543=DIRECTION('ref_axis',(0.,-1.,0.));
#2544=DIRECTION('',(0.,-1.,0.));
#2545=DIRECTION('',(0.,0.,1.));
#2546=DIRECTION('center_axis',(0.,0.,1.));
#2547=DIRECTION('ref_axis',(0.,1.,0.));
#2548=DIRECTION('center_axis',(0.,0.,1.));
#2549=DIRECTION('ref_axis',(0.,1.,0.));
#2550=DIRECTION('center_axis',(0.,1.,0.));
#2551=DIRECTION('ref_axis',(-1.,0.,0.));
#2552=DIRECTION('',(-1.,0.,0.));
#2553=DIRECTION('',(0.,0.,1.));
#2554=DIRECTION('',(0.,0.,1.));
#2555=DIRECTION('center_axis',(0.,0.,1.));
#2556=DIRECTION('ref_axis',(1.,0.,0.));
#2557=DIRECTION('center_axis',(0.,0.,1.));
#2558=DIRECTION('ref_axis',(1.,0.,0.));
#2559=DIRECTION('',(0.,0.,1.));
#2560=DIRECTION('center_axis',(1.,0.,0.));
#2561=DIRECTION('ref_axis',(0.,1.,0.));
#2562=DIRECTION('',(0.,1.,0.));
#2563=DIRECTION('',(0.,0.,1.));
#2564=DIRECTION('center_axis',(0.,0.,1.));
#2565=DIRECTION('ref_axis',(0.,-1.,0.));
#2566=DIRECTION('center_axis',(0.,0.,1.));
#2567=DIRECTION('ref_axis',(0.,-1.,0.));
#2568=DIRECTION('',(0.,0.,1.));
#2569=DIRECTION('center_axis',(0.,-1.,0.));
#2570=DIRECTION('ref_axis',(1.,0.,0.));
#2571=DIRECTION('',(1.,0.,0.));
#2572=DIRECTION('',(0.,0.,1.));
#2573=DIRECTION('center_axis',(0.,0.,1.));
#2574=DIRECTION('ref_axis',(-1.,0.,0.));
#2575=DIRECTION('center_axis',(0.,0.,1.));
#2576=DIRECTION('ref_axis',(-1.,0.,0.));
#2577=DIRECTION('',(0.,0.,1.));
#2578=DIRECTION('center_axis',(-1.,0.,0.));
#2579=DIRECTION('ref_axis',(0.,-1.,0.));
#2580=DIRECTION('',(0.,-1.,0.));
#2581=DIRECTION('',(0.,0.,1.));
#2582=DIRECTION('center_axis',(0.,0.,1.));
#2583=DIRECTION('ref_axis',(0.,1.,0.));
#2584=DIRECTION('center_axis',(0.,0.,1.));
#2585=DIRECTION('ref_axis',(0.,1.,0.));
#2586=DIRECTION('center_axis',(0.,1.,0.));
#2587=DIRECTION('ref_axis',(-1.,0.,0.));
#2588=DIRECTION('',(-1.,0.,0.));
#2589=DIRECTION('',(0.,0.,1.));
#2590=DIRECTION('',(0.,0.,1.));
#2591=DIRECTION('center_axis',(0.,0.,1.));
#2592=DIRECTION('ref_axis',(1.,0.,0.));
#2593=DIRECTION('center_axis',(0.,0.,1.));
#2594=DIRECTION('ref_axis',(1.,0.,0.));
#2595=DIRECTION('',(0.,0.,1.));
#2596=DIRECTION('center_axis',(1.,0.,0.));
#2597=DIRECTION('ref_axis',(0.,1.,0.));
#2598=DIRECTION('',(0.,1.,0.));
#2599=DIRECTION('',(0.,0.,1.));
#2600=DIRECTION('center_axis',(0.,0.,1.));
#2601=DIRECTION('ref_axis',(0.,-1.,0.));
#2602=DIRECTION('center_axis',(0.,0.,1.));
#2603=DIRECTION('ref_axis',(0.,-1.,0.));
#2604=DIRECTION('',(0.,0.,1.));
#2605=DIRECTION('center_axis',(0.,-1.,0.));
#2606=DIRECTION('ref_axis',(1.,0.,0.));
#2607=DIRECTION('',(1.,0.,0.));
#2608=DIRECTION('',(0.,0.,1.));
#2609=DIRECTION('center_axis',(0.,0.,1.));
#2610=DIRECTION('ref_axis',(-1.,0.,0.));
#2611=DIRECTION('center_axis',(0.,0.,1.));
#2612=DIRECTION('ref_axis',(-1.,0.,0.));
#2613=DIRECTION('',(0.,0.,1.));
#2614=DIRECTION('center_axis',(-1.,0.,0.));
#2615=DIRECTION('ref_axis',(0.,-1.,0.));
#2616=DIRECTION('',(0.,-1.,0.));
#2617=DIRECTION('',(0.,0.,1.));
#2618=DIRECTION('center_axis',(0.,0.,1.));
#2619=DIRECTION('ref_axis',(0.,1.,0.));
#2620=DIRECTION('center_axis',(0.,0.,1.));
#2621=DIRECTION('ref_axis',(0.,1.,0.));
#2622=DIRECTION('center_axis',(0.,1.,0.));
#2623=DIRECTION('ref_axis',(-1.,0.,0.));
#2624=DIRECTION('',(-1.,0.,0.));
#2625=DIRECTION('',(0.,0.,1.));
#2626=DIRECTION('',(0.,0.,1.));
#2627=DIRECTION('center_axis',(0.,0.,1.));
#2628=DIRECTION('ref_axis',(1.,0.,0.));
#2629=DIRECTION('center_axis',(0.,0.,1.));
#2630=DIRECTION('ref_axis',(1.,0.,0.));
#2631=DIRECTION('',(0.,0.,1.));
#2632=DIRECTION('center_axis',(1.,0.,0.));
#2633=DIRECTION('ref_axis',(0.,1.,0.));
#2634=DIRECTION('',(0.,1.,0.));
#2635=DIRECTION('',(0.,0.,1.));
#2636=DIRECTION('center_axis',(0.,0.,1.));
#2637=DIRECTION('ref_axis',(0.,-1.,0.));
#2638=DIRECTION('center_axis',(0.,0.,1.));
#2639=DIRECTION('ref_axis',(0.,-1.,0.));
#2640=DIRECTION('',(0.,0.,1.));
#2641=DIRECTION('center_axis',(0.,-1.,0.));
#2642=DIRECTION('ref_axis',(1.,0.,0.));
#2643=DIRECTION('',(1.,0.,0.));
#2644=DIRECTION('',(0.,0.,1.));
#2645=DIRECTION('center_axis',(0.,0.,1.));
#2646=DIRECTION('ref_axis',(-1.,0.,0.));
#2647=DIRECTION('center_axis',(0.,0.,1.));
#2648=DIRECTION('ref_axis',(-1.,0.,0.));
#2649=DIRECTION('',(0.,0.,1.));
#2650=DIRECTION('center_axis',(-1.,0.,0.));
#2651=DIRECTION('ref_axis',(0.,-1.,0.));
#2652=DIRECTION('',(0.,-1.,0.));
#2653=DIRECTION('',(0.,0.,1.));
#2654=DIRECTION('center_axis',(0.,0.,1.));
#2655=DIRECTION('ref_axis',(0.,1.,0.));
#2656=DIRECTION('center_axis',(0.,0.,1.));
#2657=DIRECTION('ref_axis',(0.,1.,0.));
#2658=DIRECTION('center_axis',(0.,1.,0.));
#2659=DIRECTION('ref_axis',(-1.,0.,0.));
#2660=DIRECTION('',(-1.,0.,0.));
#2661=DIRECTION('',(0.,0.,1.));
#2662=DIRECTION('',(0.,0.,1.));
#2663=DIRECTION('center_axis',(0.,0.,1.));
#2664=DIRECTION('ref_axis',(1.,0.,0.));
#2665=DIRECTION('center_axis',(0.,0.,1.));
#2666=DIRECTION('ref_axis',(1.,0.,0.));
#2667=DIRECTION('',(0.,0.,1.));
#2668=DIRECTION('center_axis',(1.,0.,0.));
#2669=DIRECTION('ref_axis',(0.,1.,0.));
#2670=DIRECTION('',(0.,1.,0.));
#2671=DIRECTION('',(0.,0.,1.));
#2672=DIRECTION('center_axis',(0.,0.,1.));
#2673=DIRECTION('ref_axis',(0.,-1.,0.));
#2674=DIRECTION('center_axis',(0.,0.,1.));
#2675=DIRECTION('ref_axis',(0.,-1.,0.));
#2676=DIRECTION('',(0.,0.,1.));
#2677=DIRECTION('center_axis',(0.,-1.,0.));
#2678=DIRECTION('ref_axis',(1.,0.,0.));
#2679=DIRECTION('',(1.,0.,0.));
#2680=DIRECTION('',(0.,0.,1.));
#2681=DIRECTION('center_axis',(0.,0.,1.));
#2682=DIRECTION('ref_axis',(-1.,0.,0.));
#2683=DIRECTION('center_axis',(0.,0.,1.));
#2684=DIRECTION('ref_axis',(-1.,0.,0.));
#2685=DIRECTION('',(0.,0.,1.));
#2686=DIRECTION('center_axis',(-1.,0.,0.));
#2687=DIRECTION('ref_axis',(0.,-1.,0.));
#2688=DIRECTION('',(0.,-1.,0.));
#2689=DIRECTION('',(0.,0.,1.));
#2690=DIRECTION('center_axis',(0.,0.,1.));
#2691=DIRECTION('ref_axis',(0.,1.,0.));
#2692=DIRECTION('center_axis',(0.,0.,1.));
#2693=DIRECTION('ref_axis',(0.,1.,0.));
#2694=DIRECTION('center_axis',(0.,1.,0.));
#2695=DIRECTION('ref_axis',(-1.,0.,0.));
#2696=DIRECTION('',(-1.,0.,0.));
#2697=DIRECTION('',(0.,0.,1.));
#2698=DIRECTION('',(0.,0.,1.));
#2699=DIRECTION('center_axis',(-1.,0.,0.));
#2700=DIRECTION('ref_axis',(0.,-1.,0.));
#2701=DIRECTION('',(0.,1.,0.));
#2702=DIRECTION('center_axis',(1.,0.,0.));
#2703=DIRECTION('ref_axis',(0.,1.,0.));
#2704=DIRECTION('',(0.,1.,0.));
#2705=DIRECTION('center_axis',(0.,0.,1.));
#2706=DIRECTION('ref_axis',(1.,0.,0.));
#2707=DIRECTION('',(0.,0.,-1.));
#2708=DIRECTION('center_axis',(0.,0.,-1.));
#2709=DIRECTION('ref_axis',(1.,0.,0.));
#2710=DIRECTION('center_axis',(0.,0.,1.));
#2711=DIRECTION('ref_axis',(1.,0.,0.));
#2712=DIRECTION('',(0.,0.,-1.));
#2713=DIRECTION('center_axis',(0.,0.,-1.));
#2714=DIRECTION('ref_axis',(1.,0.,0.));
#2715=DIRECTION('center_axis',(0.,0.,1.));
#2716=DIRECTION('ref_axis',(1.,0.,0.));
#2717=DIRECTION('',(0.,0.,-1.));
#2718=DIRECTION('center_axis',(0.,0.,-1.));
#2719=DIRECTION('ref_axis',(1.,0.,0.));
#2720=DIRECTION('center_axis',(0.,1.,0.));
#2721=DIRECTION('ref_axis',(-1.,0.,0.));
#2722=DIRECTION('',(-1.,0.,0.));
#2723=DIRECTION('',(0.,0.,1.));
#2724=DIRECTION('',(0.,0.,1.));
#2725=DIRECTION('center_axis',(-1.,0.,0.));
#2726=DIRECTION('ref_axis',(0.,-1.,0.));
#2727=DIRECTION('',(0.,1.,0.));
#2728=DIRECTION('center_axis',(1.,0.,0.));
#2729=DIRECTION('ref_axis',(0.,1.,0.));
#2730=DIRECTION('',(0.,1.,0.));
#2731=DIRECTION('center_axis',(0.,0.,1.));
#2732=DIRECTION('ref_axis',(1.,0.,0.));
#2733=DIRECTION('',(0.,0.,-1.));
#2734=DIRECTION('center_axis',(0.,0.,-1.));
#2735=DIRECTION('ref_axis',(1.,0.,0.));
#2736=DIRECTION('center_axis',(0.,-1.,0.));
#2737=DIRECTION('ref_axis',(1.,0.,0.));
#2738=DIRECTION('',(-1.,0.,0.));
#2739=DIRECTION('',(0.,0.,1.));
#2740=DIRECTION('',(0.,0.,1.));
#2741=DIRECTION('center_axis',(-1.,0.,0.));
#2742=DIRECTION('ref_axis',(0.,-1.,0.));
#2743=DIRECTION('',(0.,1.,0.));
#2744=DIRECTION('center_axis',(1.,0.,0.));
#2745=DIRECTION('ref_axis',(0.,1.,0.));
#2746=DIRECTION('',(0.,1.,0.));
#2747=DIRECTION('',(0.,0.,1.));
#2748=DIRECTION('center_axis',(0.,-1.,0.));
#2749=DIRECTION('ref_axis',(1.,0.,0.));
#2750=DIRECTION('',(-1.,0.,0.));
#2751=DIRECTION('',(0.,0.,1.));
#2752=DIRECTION('center_axis',(0.,0.,1.));
#2753=DIRECTION('ref_axis',(-1.,0.,0.));
#2754=DIRECTION('center_axis',(0.,0.,1.));
#2755=DIRECTION('ref_axis',(-1.,0.,0.));
#2756=DIRECTION('',(0.,0.,1.));
#2757=DIRECTION('center_axis',(-1.,-9.40468466433847E-17,0.));
#2758=DIRECTION('ref_axis',(9.40468466433847E-17,-1.,0.));
#2759=DIRECTION('',(-9.40468466433847E-17,1.,0.));
#2760=DIRECTION('',(0.,0.,1.));
#2761=DIRECTION('center_axis',(0.,0.,1.));
#2762=DIRECTION('ref_axis',(8.88178419700126E-16,1.,0.));
#2763=DIRECTION('center_axis',(0.,0.,1.));
#2764=DIRECTION('ref_axis',(8.88178419700126E-16,1.,0.));
#2765=DIRECTION('',(0.,0.,1.));
#2766=DIRECTION('center_axis',(0.,1.,0.));
#2767=DIRECTION('ref_axis',(-1.,0.,0.));
#2768=DIRECTION('',(1.,0.,0.));
#2769=DIRECTION('',(0.,0.,1.));
#2770=DIRECTION('center_axis',(0.,0.,1.));
#2771=DIRECTION('ref_axis',(1.,0.,0.));
#2772=DIRECTION('center_axis',(0.,0.,1.));
#2773=DIRECTION('ref_axis',(1.,0.,0.));
#2774=DIRECTION('',(0.,0.,1.));
#2775=DIRECTION('center_axis',(1.,9.40468466433847E-17,0.));
#2776=DIRECTION('ref_axis',(-9.40468466433847E-17,1.,0.));
#2777=DIRECTION('',(9.40468466433847E-17,-1.,0.));
#2778=DIRECTION('',(0.,0.,1.));
#2779=DIRECTION('center_axis',(0.,0.,1.));
#2780=DIRECTION('ref_axis',(1.77635683940024E-15,-1.,0.));
#2781=DIRECTION('center_axis',(0.,0.,1.));
#2782=DIRECTION('ref_axis',(1.77635683940024E-15,-1.,0.));
#2783=DIRECTION('center_axis',(0.,0.,1.));
#2784=DIRECTION('ref_axis',(1.,0.,0.));
#2785=CARTESIAN_POINT('',(0.,0.,0.));
#2786=CARTESIAN_POINT('Origin',(10.053,-65.8639999403954,0.));
#2787=CARTESIAN_POINT('',(15.653,-65.8639999403954,0.));
#2788=CARTESIAN_POINT('',(10.053,-65.8639999403954,0.));
#2789=CARTESIAN_POINT('',(19.1465,-65.8639999403954,0.));
#2790=CARTESIAN_POINT('',(15.653,-65.8639999403954,1.5));
#2791=CARTESIAN_POINT('',(15.653,-65.8639999403954,0.));
#2792=CARTESIAN_POINT('',(10.053,-65.8639999403954,1.5));
#2793=CARTESIAN_POINT('',(19.1465,-65.8639999403954,1.5));
#2794=CARTESIAN_POINT('',(10.053,-65.8639999403954,0.));
#2795=CARTESIAN_POINT('Origin',(28.24,-41.832,1.5));
#2796=CARTESIAN_POINT('',(19.249,-94.052,1.5));
#2797=CARTESIAN_POINT('',(19.249,-58.052,1.5));
#2798=CARTESIAN_POINT('',(19.249,-94.052,1.5));
#2799=CARTESIAN_POINT('',(37.749,-58.052,1.5));
#2800=CARTESIAN_POINT('',(23.7445,-58.052,1.5));
#2801=CARTESIAN_POINT('',(37.749,-94.052,1.5));
#2802=CARTESIAN_POINT('',(37.749,-52.442,1.5));
#2803=CARTESIAN_POINT('',(63.47,-94.052,1.5));
#2804=CARTESIAN_POINT('',(63.47,-94.052,1.5));
#2805=CARTESIAN_POINT('',(68.47,-89.052,1.5));
#2806=CARTESIAN_POINT('Origin',(63.47,-89.052,1.5));
#2807=CARTESIAN_POINT('',(68.47,5.388,1.5));
#2808=CARTESIAN_POINT('',(68.47,5.388,1.5));
#2809=CARTESIAN_POINT('',(63.47,10.388,1.5));
#2810=CARTESIAN_POINT('Origin',(63.47,5.388,1.5));
#2811=CARTESIAN_POINT('',(-6.98999999999999,10.388,1.5));
#2812=CARTESIAN_POINT('',(-6.98999999999999,10.388,1.5));
#2813=CARTESIAN_POINT('',(-11.99,5.388,1.5));
#2814=CARTESIAN_POINT('Origin',(-6.98999999999999,5.38800000000001,1.5));
#2815=CARTESIAN_POINT('',(-11.99,-89.052,1.5));
#2816=CARTESIAN_POINT('',(-11.99,-89.052,1.5));
#2817=CARTESIAN_POINT('',(-6.98999999999998,-94.052,1.5));
#2818=CARTESIAN_POINT('Origin',(-6.98999999999998,-89.052,1.5));
#2819=CARTESIAN_POINT('',(63.47,-94.052,1.5));
#2820=CARTESIAN_POINT('',(10.053,-74.864,1.5));
#2821=CARTESIAN_POINT('',(10.053,-70.8639999403954,1.5));
#2822=CARTESIAN_POINT('',(15.653,-74.864,1.5));
#2823=CARTESIAN_POINT('',(15.653,-56.3479999701977,1.5));
#2824=CARTESIAN_POINT('',(10.053,-74.864,1.5));
#2825=CARTESIAN_POINT('',(61.77,5.388,1.5));
#2826=CARTESIAN_POINT('Origin',(63.47,5.388,1.5));
#2827=CARTESIAN_POINT('',(61.77,-89.052,1.5));
#2828=CARTESIAN_POINT('Origin',(63.47,-89.052,1.5));
#2829=CARTESIAN_POINT('',(-8.68999999999999,5.388,1.5));
#2830=CARTESIAN_POINT('Origin',(-6.98999999999999,5.388,1.5));
#2831=CARTESIAN_POINT('',(40.517,-74.762,1.5));
#2832=CARTESIAN_POINT('',(40.517,-65.762,1.5));
#2833=CARTESIAN_POINT('',(40.517,-70.762,1.5));
#2834=CARTESIAN_POINT('',(46.117,-65.762,1.5));
#2835=CARTESIAN_POINT('',(34.3785,-65.762,1.5));
#2836=CARTESIAN_POINT('',(46.117,-74.762,1.5));
#2837=CARTESIAN_POINT('',(46.117,-56.297,1.5));
#2838=CARTESIAN_POINT('',(40.517,-74.762,1.5));
#2839=CARTESIAN_POINT('',(-8.68999999999998,-89.052,1.5));
#2840=CARTESIAN_POINT('Origin',(-6.98999999999998,-89.052,1.5));
#2841=CARTESIAN_POINT('',(3.025,-40.625,1.5));
#2842=CARTESIAN_POINT('',(16.025,-40.625,1.5));
#2843=CARTESIAN_POINT('',(22.1325,-40.625,1.5));
#2844=CARTESIAN_POINT('',(16.525,-41.125,1.5));
#2845=CARTESIAN_POINT('Origin',(16.025,-41.125,1.5));
#2846=CARTESIAN_POINT('',(16.525,-54.125,1.5));
#2847=CARTESIAN_POINT('',(16.525,-47.9785,1.5));
#2848=CARTESIAN_POINT('',(16.025,-54.625,1.5));
#2849=CARTESIAN_POINT('Origin',(16.025,-54.125,1.5));
#2850=CARTESIAN_POINT('',(3.025,-54.625,1.5));
#2851=CARTESIAN_POINT('',(15.6325,-54.625,1.5));
#2852=CARTESIAN_POINT('',(2.525,-54.125,1.5));
#2853=CARTESIAN_POINT('Origin',(3.025,-54.125,1.5));
#2854=CARTESIAN_POINT('',(2.525,-41.125,1.5));
#2855=CARTESIAN_POINT('',(2.525,-41.4785,1.5));
#2856=CARTESIAN_POINT('Origin',(3.025,-41.125,1.5));
#2857=CARTESIAN_POINT('',(22.075,-21.575,1.5));
#2858=CARTESIAN_POINT('',(35.075,-21.575,1.5));
#2859=CARTESIAN_POINT('',(31.6575,-21.575,1.5));
#2860=CARTESIAN_POINT('',(35.575,-22.075,1.5));
#2861=CARTESIAN_POINT('Origin',(35.075,-22.075,1.5));
#2862=CARTESIAN_POINT('',(35.575,-35.075,1.5));
#2863=CARTESIAN_POINT('',(35.575,-38.4535,1.5));
#2864=CARTESIAN_POINT('',(35.075,-35.575,1.5));
#2865=CARTESIAN_POINT('Origin',(35.075,-35.075,1.5));
#2866=CARTESIAN_POINT('',(22.075,-35.575,1.5));
#2867=CARTESIAN_POINT('',(25.1575,-35.575,1.5));
#2868=CARTESIAN_POINT('',(21.575,-35.075,1.5));
#2869=CARTESIAN_POINT('Origin',(22.075,-35.075,1.5));
#2870=CARTESIAN_POINT('',(21.575,-22.075,1.5));
#2871=CARTESIAN_POINT('',(21.575,-31.9535,1.5));
#2872=CARTESIAN_POINT('Origin',(22.075,-22.075,1.5));
#2873=CARTESIAN_POINT('',(41.125,-2.525,1.5));
#2874=CARTESIAN_POINT('',(54.125,-2.525,1.5));
#2875=CARTESIAN_POINT('',(41.1825,-2.525,1.5));
#2876=CARTESIAN_POINT('',(54.625,-3.025,1.5));
#2877=CARTESIAN_POINT('Origin',(54.125,-3.025,1.5));
#2878=CARTESIAN_POINT('',(54.625,-16.025,1.5));
#2879=CARTESIAN_POINT('',(54.625,-28.9285,1.5));
#2880=CARTESIAN_POINT('',(54.125,-16.525,1.5));
#2881=CARTESIAN_POINT('Origin',(54.125,-16.025,1.5));
#2882=CARTESIAN_POINT('',(41.125,-16.525,1.5));
#2883=CARTESIAN_POINT('',(34.6825,-16.525,1.5));
#2884=CARTESIAN_POINT('',(40.625,-16.025,1.5));
#2885=CARTESIAN_POINT('Origin',(41.125,-16.025,1.5));
#2886=CARTESIAN_POINT('',(40.625,-3.025,1.5));
#2887=CARTESIAN_POINT('',(40.625,-22.4285,1.5));
#2888=CARTESIAN_POINT('Origin',(41.125,-3.025,1.5));
#2889=CARTESIAN_POINT('',(3.025,-21.575,1.5));
#2890=CARTESIAN_POINT('',(16.025,-21.575,1.5));
#2891=CARTESIAN_POINT('',(22.1325,-21.575,1.5));
#2892=CARTESIAN_POINT('',(16.525,-22.075,1.5));
#2893=CARTESIAN_POINT('Origin',(16.025,-22.075,1.5));
#2894=CARTESIAN_POINT('',(16.525,-35.075,1.5));
#2895=CARTESIAN_POINT('',(16.525,-38.4535,1.5));
#2896=CARTESIAN_POINT('',(16.025,-35.575,1.5));
#2897=CARTESIAN_POINT('Origin',(16.025,-35.075,1.5));
#2898=CARTESIAN_POINT('',(3.025,-35.575,1.5));
#2899=CARTESIAN_POINT('',(15.6325,-35.575,1.5));
#2900=CARTESIAN_POINT('',(2.525,-35.075,1.5));
#2901=CARTESIAN_POINT('Origin',(3.025,-35.075,1.5));
#2902=CARTESIAN_POINT('',(2.525,-22.075,1.5));
#2903=CARTESIAN_POINT('',(2.525,-31.9535,1.5));
#2904=CARTESIAN_POINT('Origin',(3.025,-22.075,1.5));
#2905=CARTESIAN_POINT('',(22.075,-40.625,1.5));
#2906=CARTESIAN_POINT('',(35.075,-40.625,1.5));
#2907=CARTESIAN_POINT('',(31.6575,-40.625,1.5));
#2908=CARTESIAN_POINT('',(35.575,-41.125,1.5));
#2909=CARTESIAN_POINT('Origin',(35.075,-41.125,1.5));
#2910=CARTESIAN_POINT('',(35.575,-54.125,1.5));
#2911=CARTESIAN_POINT('',(35.575,-47.9785,1.5));
#2912=CARTESIAN_POINT('',(35.075,-54.625,1.5));
#2913=CARTESIAN_POINT('Origin',(35.075,-54.125,1.5));
#2914=CARTESIAN_POINT('',(22.075,-54.625,1.5));
#2915=CARTESIAN_POINT('',(25.1575,-54.625,1.5));
#2916=CARTESIAN_POINT('',(21.575,-54.125,1.5));
#2917=CARTESIAN_POINT('Origin',(22.075,-54.125,1.5));
#2918=CARTESIAN_POINT('',(21.575,-41.125,1.5));
#2919=CARTESIAN_POINT('',(21.575,-41.4785,1.5));
#2920=CARTESIAN_POINT('Origin',(22.075,-41.125,1.5));
#2921=CARTESIAN_POINT('',(41.125,-21.575,1.5));
#2922=CARTESIAN_POINT('',(54.125,-21.575,1.5));
#2923=CARTESIAN_POINT('',(41.1825,-21.575,1.5));
#2924=CARTESIAN_POINT('',(54.625,-22.075,1.5));
#2925=CARTESIAN_POINT('Origin',(54.125,-22.075,1.5));
#2926=CARTESIAN_POINT('',(54.625,-35.075,1.5));
#2927=CARTESIAN_POINT('',(54.625,-38.4535,1.5));
#2928=CARTESIAN_POINT('',(54.125,-35.575,1.5));
#2929=CARTESIAN_POINT('Origin',(54.125,-35.075,1.5));
#2930=CARTESIAN_POINT('',(41.125,-35.575,1.5));
#2931=CARTESIAN_POINT('',(34.6825,-35.575,1.5));
#2932=CARTESIAN_POINT('',(40.625,-35.075,1.5));
#2933=CARTESIAN_POINT('Origin',(41.125,-35.075,1.5));
#2934=CARTESIAN_POINT('',(40.625,-22.075,1.5));
#2935=CARTESIAN_POINT('',(40.625,-31.9535,1.5));
#2936=CARTESIAN_POINT('Origin',(41.125,-22.075,1.5));
#2937=CARTESIAN_POINT('',(22.075,-2.525,1.5));
#2938=CARTESIAN_POINT('',(35.075,-2.525,1.5));
#2939=CARTESIAN_POINT('',(31.6575,-2.525,1.5));
#2940=CARTESIAN_POINT('',(35.575,-3.025,1.5));
#2941=CARTESIAN_POINT('Origin',(35.075,-3.025,1.5));
#2942=CARTESIAN_POINT('',(35.575,-16.025,1.5));
#2943=CARTESIAN_POINT('',(35.575,-28.9285,1.5));
#2944=CARTESIAN_POINT('',(35.075,-16.525,1.5));
#2945=CARTESIAN_POINT('Origin',(35.075,-16.025,1.5));
#2946=CARTESIAN_POINT('',(22.075,-16.525,1.5));
#2947=CARTESIAN_POINT('',(25.1575,-16.525,1.5));
#2948=CARTESIAN_POINT('',(21.575,-16.025,1.5));
#2949=CARTESIAN_POINT('Origin',(22.075,-16.025,1.5));
#2950=CARTESIAN_POINT('',(21.575,-3.025,1.5));
#2951=CARTESIAN_POINT('',(21.575,-22.4285,1.5));
#2952=CARTESIAN_POINT('Origin',(22.075,-3.025,1.5));
#2953=CARTESIAN_POINT('',(3.025,-2.525,1.5));
#2954=CARTESIAN_POINT('',(16.025,-2.525,1.5));
#2955=CARTESIAN_POINT('',(22.1325,-2.525,1.5));
#2956=CARTESIAN_POINT('',(16.525,-3.025,1.5));
#2957=CARTESIAN_POINT('Origin',(16.025,-3.025,1.5));
#2958=CARTESIAN_POINT('',(16.525,-16.025,1.5));
#2959=CARTESIAN_POINT('',(16.525,-28.9285,1.5));
#2960=CARTESIAN_POINT('',(16.025,-16.525,1.5));
#2961=CARTESIAN_POINT('Origin',(16.025,-16.025,1.5));
#2962=CARTESIAN_POINT('',(3.025,-16.525,1.5));
#2963=CARTESIAN_POINT('',(15.6325,-16.525,1.5));
#2964=CARTESIAN_POINT('',(2.525,-16.025,1.5));
#2965=CARTESIAN_POINT('Origin',(3.025,-16.025,1.5));
#2966=CARTESIAN_POINT('',(2.525,-3.025,1.5));
#2967=CARTESIAN_POINT('',(2.525,-22.4285,1.5));
#2968=CARTESIAN_POINT('Origin',(3.025,-3.025,1.5));
#2969=CARTESIAN_POINT('',(41.125,-40.625,1.5));
#2970=CARTESIAN_POINT('',(54.125,-40.625,1.5));
#2971=CARTESIAN_POINT('',(41.1825,-40.625,1.5));
#2972=CARTESIAN_POINT('',(54.625,-41.125,1.5));
#2973=CARTESIAN_POINT('Origin',(54.125,-41.125,1.5));
#2974=CARTESIAN_POINT('',(54.625,-54.125,1.5));
#2975=CARTESIAN_POINT('',(54.625,-47.9785,1.5));
#2976=CARTESIAN_POINT('',(54.125,-54.625,1.5));
#2977=CARTESIAN_POINT('Origin',(54.125,-54.125,1.5));
#2978=CARTESIAN_POINT('',(41.125,-54.625,1.5));
#2979=CARTESIAN_POINT('',(34.6825,-54.625,1.5));
#2980=CARTESIAN_POINT('',(40.625,-54.125,1.5));
#2981=CARTESIAN_POINT('Origin',(41.125,-54.125,1.5));
#2982=CARTESIAN_POINT('',(40.625,-41.125,1.5));
#2983=CARTESIAN_POINT('',(40.625,-41.4785,1.5));
#2984=CARTESIAN_POINT('Origin',(41.125,-41.125,1.5));
#2985=CARTESIAN_POINT('Origin',(40.517,-65.762,0.));
#2986=CARTESIAN_POINT('',(46.117,-65.762,0.));
#2987=CARTESIAN_POINT('',(40.517,-65.762,0.));
#2988=CARTESIAN_POINT('',(34.3785,-65.762,0.));
#2989=CARTESIAN_POINT('',(46.117,-65.762,0.));
#2990=CARTESIAN_POINT('',(40.517,-65.762,0.));
#2991=CARTESIAN_POINT('Origin',(19.249,-58.052,0.));
#2992=CARTESIAN_POINT('',(37.749,-58.052,0.));
#2993=CARTESIAN_POINT('',(19.249,-58.052,0.));
#2994=CARTESIAN_POINT('',(23.7445,-58.052,0.));
#2995=CARTESIAN_POINT('',(37.749,-58.052,0.));
#2996=CARTESIAN_POINT('',(19.249,-58.052,0.));
#2997=CARTESIAN_POINT('Origin',(54.125,-40.625,0.));
#2998=CARTESIAN_POINT('',(54.125,-40.625,0.));
#2999=CARTESIAN_POINT('',(41.125,-40.625,0.));
#3000=CARTESIAN_POINT('',(41.1825,-40.625,0.));
#3001=CARTESIAN_POINT('',(54.125,-40.625,0.));
#3002=CARTESIAN_POINT('',(41.125,-40.625,0.));
#3003=CARTESIAN_POINT('Origin',(54.125,-41.125,0.));
#3004=CARTESIAN_POINT('',(54.625,-41.125,0.));
#3005=CARTESIAN_POINT('Origin',(54.125,-41.125,0.));
#3006=CARTESIAN_POINT('',(54.625,-41.125,0.));
#3007=CARTESIAN_POINT('Origin',(54.625,-54.125,0.));
#3008=CARTESIAN_POINT('',(54.625,-54.125,0.));
#3009=CARTESIAN_POINT('',(54.625,-47.9785,0.));
#3010=CARTESIAN_POINT('',(54.625,-54.125,0.));
#3011=CARTESIAN_POINT('Origin',(54.125,-54.125,0.));
#3012=CARTESIAN_POINT('',(54.125,-54.625,0.));
#3013=CARTESIAN_POINT('Origin',(54.125,-54.125,0.));
#3014=CARTESIAN_POINT('',(54.125,-54.625,0.));
#3015=CARTESIAN_POINT('Origin',(41.125,-54.625,0.));
#3016=CARTESIAN_POINT('',(41.125,-54.625,0.));
#3017=CARTESIAN_POINT('',(34.6825,-54.625,0.));
#3018=CARTESIAN_POINT('',(41.125,-54.625,0.));
#3019=CARTESIAN_POINT('Origin',(41.125,-54.125,0.));
#3020=CARTESIAN_POINT('',(40.625,-54.125,0.));
#3021=CARTESIAN_POINT('Origin',(41.125,-54.125,0.));
#3022=CARTESIAN_POINT('',(40.625,-54.125,0.));
#3023=CARTESIAN_POINT('Origin',(40.625,-41.125,0.));
#3024=CARTESIAN_POINT('',(40.625,-41.125,0.));
#3025=CARTESIAN_POINT('',(40.625,-41.4785,0.));
#3026=CARTESIAN_POINT('',(40.625,-41.125,0.));
#3027=CARTESIAN_POINT('Origin',(41.125,-41.125,0.));
#3028=CARTESIAN_POINT('Origin',(41.125,-41.125,0.));
#3029=CARTESIAN_POINT('Origin',(16.025,-2.525,0.));
#3030=CARTESIAN_POINT('',(16.025,-2.525,0.));
#3031=CARTESIAN_POINT('',(3.025,-2.525,0.));
#3032=CARTESIAN_POINT('',(22.1325,-2.525,0.));
#3033=CARTESIAN_POINT('',(16.025,-2.525,0.));
#3034=CARTESIAN_POINT('',(3.025,-2.525,0.));
#3035=CARTESIAN_POINT('Origin',(16.025,-3.025,0.));
#3036=CARTESIAN_POINT('',(16.525,-3.025,0.));
#3037=CARTESIAN_POINT('Origin',(16.025,-3.025,0.));
#3038=CARTESIAN_POINT('',(16.525,-3.025,0.));
#3039=CARTESIAN_POINT('Origin',(16.525,-16.025,0.));
#3040=CARTESIAN_POINT('',(16.525,-16.025,0.));
#3041=CARTESIAN_POINT('',(16.525,-28.9285,0.));
#3042=CARTESIAN_POINT('',(16.525,-16.025,0.));
#3043=CARTESIAN_POINT('Origin',(16.025,-16.025,0.));
#3044=CARTESIAN_POINT('',(16.025,-16.525,0.));
#3045=CARTESIAN_POINT('Origin',(16.025,-16.025,0.));
#3046=CARTESIAN_POINT('',(16.025,-16.525,0.));
#3047=CARTESIAN_POINT('Origin',(3.025,-16.525,0.));
#3048=CARTESIAN_POINT('',(3.025,-16.525,0.));
#3049=CARTESIAN_POINT('',(15.6325,-16.525,0.));
#3050=CARTESIAN_POINT('',(3.025,-16.525,0.));
#3051=CARTESIAN_POINT('Origin',(3.025,-16.025,0.));
#3052=CARTESIAN_POINT('',(2.525,-16.025,0.));
#3053=CARTESIAN_POINT('Origin',(3.025,-16.025,0.));
#3054=CARTESIAN_POINT('',(2.525,-16.025,0.));
#3055=CARTESIAN_POINT('Origin',(2.525,-3.025,0.));
#3056=CARTESIAN_POINT('',(2.525,-3.025,0.));
#3057=CARTESIAN_POINT('',(2.525,-22.4285,0.));
#3058=CARTESIAN_POINT('',(2.525,-3.025,0.));
#3059=CARTESIAN_POINT('Origin',(3.025,-3.025,0.));
#3060=CARTESIAN_POINT('Origin',(3.025,-3.025,0.));
#3061=CARTESIAN_POINT('Origin',(35.075,-2.525,0.));
#3062=CARTESIAN_POINT('',(35.075,-2.525,0.));
#3063=CARTESIAN_POINT('',(22.075,-2.525,0.));
#3064=CARTESIAN_POINT('',(31.6575,-2.525,0.));
#3065=CARTESIAN_POINT('',(35.075,-2.525,0.));
#3066=CARTESIAN_POINT('',(22.075,-2.525,0.));
#3067=CARTESIAN_POINT('Origin',(35.075,-3.025,0.));
#3068=CARTESIAN_POINT('',(35.575,-3.025,0.));
#3069=CARTESIAN_POINT('Origin',(35.075,-3.025,0.));
#3070=CARTESIAN_POINT('',(35.575,-3.025,0.));
#3071=CARTESIAN_POINT('Origin',(35.575,-16.025,0.));
#3072=CARTESIAN_POINT('',(35.575,-16.025,0.));
#3073=CARTESIAN_POINT('',(35.575,-28.9285,0.));
#3074=CARTESIAN_POINT('',(35.575,-16.025,0.));
#3075=CARTESIAN_POINT('Origin',(35.075,-16.025,0.));
#3076=CARTESIAN_POINT('',(35.075,-16.525,0.));
#3077=CARTESIAN_POINT('Origin',(35.075,-16.025,0.));
#3078=CARTESIAN_POINT('',(35.075,-16.525,0.));
#3079=CARTESIAN_POINT('Origin',(22.075,-16.525,0.));
#3080=CARTESIAN_POINT('',(22.075,-16.525,0.));
#3081=CARTESIAN_POINT('',(25.1575,-16.525,0.));
#3082=CARTESIAN_POINT('',(22.075,-16.525,0.));
#3083=CARTESIAN_POINT('Origin',(22.075,-16.025,0.));
#3084=CARTESIAN_POINT('',(21.575,-16.025,0.));
#3085=CARTESIAN_POINT('Origin',(22.075,-16.025,0.));
#3086=CARTESIAN_POINT('',(21.575,-16.025,0.));
#3087=CARTESIAN_POINT('Origin',(21.575,-3.025,0.));
#3088=CARTESIAN_POINT('',(21.575,-3.025,0.));
#3089=CARTESIAN_POINT('',(21.575,-22.4285,0.));
#3090=CARTESIAN_POINT('',(21.575,-3.025,0.));
#3091=CARTESIAN_POINT('Origin',(22.075,-3.025,0.));
#3092=CARTESIAN_POINT('Origin',(22.075,-3.025,0.));
#3093=CARTESIAN_POINT('Origin',(54.125,-21.575,0.));
#3094=CARTESIAN_POINT('',(54.125,-21.575,0.));
#3095=CARTESIAN_POINT('',(41.125,-21.575,0.));
#3096=CARTESIAN_POINT('',(41.1825,-21.575,0.));
#3097=CARTESIAN_POINT('',(54.125,-21.575,0.));
#3098=CARTESIAN_POINT('',(41.125,-21.575,0.));
#3099=CARTESIAN_POINT('Origin',(54.125,-22.075,0.));
#3100=CARTESIAN_POINT('',(54.625,-22.075,0.));
#3101=CARTESIAN_POINT('Origin',(54.125,-22.075,0.));
#3102=CARTESIAN_POINT('',(54.625,-22.075,0.));
#3103=CARTESIAN_POINT('Origin',(54.625,-35.075,0.));
#3104=CARTESIAN_POINT('',(54.625,-35.075,0.));
#3105=CARTESIAN_POINT('',(54.625,-38.4535,0.));
#3106=CARTESIAN_POINT('',(54.625,-35.075,0.));
#3107=CARTESIAN_POINT('Origin',(54.125,-35.075,0.));
#3108=CARTESIAN_POINT('',(54.125,-35.575,0.));
#3109=CARTESIAN_POINT('Origin',(54.125,-35.075,0.));
#3110=CARTESIAN_POINT('',(54.125,-35.575,0.));
#3111=CARTESIAN_POINT('Origin',(41.125,-35.575,0.));
#3112=CARTESIAN_POINT('',(41.125,-35.575,0.));
#3113=CARTESIAN_POINT('',(34.6825,-35.575,0.));
#3114=CARTESIAN_POINT('',(41.125,-35.575,0.));
#3115=CARTESIAN_POINT('Origin',(41.125,-35.075,0.));
#3116=CARTESIAN_POINT('',(40.625,-35.075,0.));
#3117=CARTESIAN_POINT('Origin',(41.125,-35.075,0.));
#3118=CARTESIAN_POINT('',(40.625,-35.075,0.));
#3119=CARTESIAN_POINT('Origin',(40.625,-22.075,0.));
#3120=CARTESIAN_POINT('',(40.625,-22.075,0.));
#3121=CARTESIAN_POINT('',(40.625,-31.9535,0.));
#3122=CARTESIAN_POINT('',(40.625,-22.075,0.));
#3123=CARTESIAN_POINT('Origin',(41.125,-22.075,0.));
#3124=CARTESIAN_POINT('Origin',(41.125,-22.075,0.));
#3125=CARTESIAN_POINT('Origin',(35.075,-40.625,0.));
#3126=CARTESIAN_POINT('',(35.075,-40.625,0.));
#3127=CARTESIAN_POINT('',(22.075,-40.625,0.));
#3128=CARTESIAN_POINT('',(31.6575,-40.625,0.));
#3129=CARTESIAN_POINT('',(35.075,-40.625,0.));
#3130=CARTESIAN_POINT('',(22.075,-40.625,0.));
#3131=CARTESIAN_POINT('Origin',(35.075,-41.125,0.));
#3132=CARTESIAN_POINT('',(35.575,-41.125,0.));
#3133=CARTESIAN_POINT('Origin',(35.075,-41.125,0.));
#3134=CARTESIAN_POINT('',(35.575,-41.125,0.));
#3135=CARTESIAN_POINT('Origin',(35.575,-54.125,0.));
#3136=CARTESIAN_POINT('',(35.575,-54.125,0.));
#3137=CARTESIAN_POINT('',(35.575,-47.9785,0.));
#3138=CARTESIAN_POINT('',(35.575,-54.125,0.));
#3139=CARTESIAN_POINT('Origin',(35.075,-54.125,0.));
#3140=CARTESIAN_POINT('',(35.075,-54.625,0.));
#3141=CARTESIAN_POINT('Origin',(35.075,-54.125,0.));
#3142=CARTESIAN_POINT('',(35.075,-54.625,0.));
#3143=CARTESIAN_POINT('Origin',(22.075,-54.625,0.));
#3144=CARTESIAN_POINT('',(22.075,-54.625,0.));
#3145=CARTESIAN_POINT('',(25.1575,-54.625,0.));
#3146=CARTESIAN_POINT('',(22.075,-54.625,0.));
#3147=CARTESIAN_POINT('Origin',(22.075,-54.125,0.));
#3148=CARTESIAN_POINT('',(21.575,-54.125,0.));
#3149=CARTESIAN_POINT('Origin',(22.075,-54.125,0.));
#3150=CARTESIAN_POINT('',(21.575,-54.125,0.));
#3151=CARTESIAN_POINT('Origin',(21.575,-41.125,0.));
#3152=CARTESIAN_POINT('',(21.575,-41.125,0.));
#3153=CARTESIAN_POINT('',(21.575,-41.4785,0.));
#3154=CARTESIAN_POINT('',(21.575,-41.125,0.));
#3155=CARTESIAN_POINT('Origin',(22.075,-41.125,0.));
#3156=CARTESIAN_POINT('Origin',(22.075,-41.125,0.));
#3157=CARTESIAN_POINT('Origin',(16.025,-21.575,0.));
#3158=CARTESIAN_POINT('',(16.025,-21.575,0.));
#3159=CARTESIAN_POINT('',(3.025,-21.575,0.));
#3160=CARTESIAN_POINT('',(22.1325,-21.575,0.));
#3161=CARTESIAN_POINT('',(16.025,-21.575,0.));
#3162=CARTESIAN_POINT('',(3.025,-21.575,0.));
#3163=CARTESIAN_POINT('Origin',(16.025,-22.075,0.));
#3164=CARTESIAN_POINT('',(16.525,-22.075,0.));
#3165=CARTESIAN_POINT('Origin',(16.025,-22.075,0.));
#3166=CARTESIAN_POINT('',(16.525,-22.075,0.));
#3167=CARTESIAN_POINT('Origin',(16.525,-35.075,0.));
#3168=CARTESIAN_POINT('',(16.525,-35.075,0.));
#3169=CARTESIAN_POINT('',(16.525,-38.4535,0.));
#3170=CARTESIAN_POINT('',(16.525,-35.075,0.));
#3171=CARTESIAN_POINT('Origin',(16.025,-35.075,0.));
#3172=CARTESIAN_POINT('',(16.025,-35.575,0.));
#3173=CARTESIAN_POINT('Origin',(16.025,-35.075,0.));
#3174=CARTESIAN_POINT('',(16.025,-35.575,0.));
#3175=CARTESIAN_POINT('Origin',(3.025,-35.575,0.));
#3176=CARTESIAN_POINT('',(3.025,-35.575,0.));
#3177=CARTESIAN_POINT('',(15.6325,-35.575,0.));
#3178=CARTESIAN_POINT('',(3.025,-35.575,0.));
#3179=CARTESIAN_POINT('Origin',(3.025,-35.075,0.));
#3180=CARTESIAN_POINT('',(2.525,-35.075,0.));
#3181=CARTESIAN_POINT('Origin',(3.025,-35.075,0.));
#3182=CARTESIAN_POINT('',(2.525,-35.075,0.));
#3183=CARTESIAN_POINT('Origin',(2.525,-22.075,0.));
#3184=CARTESIAN_POINT('',(2.525,-22.075,0.));
#3185=CARTESIAN_POINT('',(2.525,-31.9535,0.));
#3186=CARTESIAN_POINT('',(2.525,-22.075,0.));
#3187=CARTESIAN_POINT('Origin',(3.025,-22.075,0.));
#3188=CARTESIAN_POINT('Origin',(3.025,-22.075,0.));
#3189=CARTESIAN_POINT('Origin',(54.125,-2.525,0.));
#3190=CARTESIAN_POINT('',(54.125,-2.525,0.));
#3191=CARTESIAN_POINT('',(41.125,-2.525,0.));
#3192=CARTESIAN_POINT('',(41.1825,-2.525,0.));
#3193=CARTESIAN_POINT('',(54.125,-2.525,0.));
#3194=CARTESIAN_POINT('',(41.125,-2.525,0.));
#3195=CARTESIAN_POINT('Origin',(54.125,-3.025,0.));
#3196=CARTESIAN_POINT('',(54.625,-3.025,0.));
#3197=CARTESIAN_POINT('Origin',(54.125,-3.025,0.));
#3198=CARTESIAN_POINT('',(54.625,-3.025,0.));
#3199=CARTESIAN_POINT('Origin',(54.625,-16.025,0.));
#3200=CARTESIAN_POINT('',(54.625,-16.025,0.));
#3201=CARTESIAN_POINT('',(54.625,-28.9285,0.));
#3202=CARTESIAN_POINT('',(54.625,-16.025,0.));
#3203=CARTESIAN_POINT('Origin',(54.125,-16.025,0.));
#3204=CARTESIAN_POINT('',(54.125,-16.525,0.));
#3205=CARTESIAN_POINT('Origin',(54.125,-16.025,0.));
#3206=CARTESIAN_POINT('',(54.125,-16.525,0.));
#3207=CARTESIAN_POINT('Origin',(41.125,-16.525,0.));
#3208=CARTESIAN_POINT('',(41.125,-16.525,0.));
#3209=CARTESIAN_POINT('',(34.6825,-16.525,0.));
#3210=CARTESIAN_POINT('',(41.125,-16.525,0.));
#3211=CARTESIAN_POINT('Origin',(41.125,-16.025,0.));
#3212=CARTESIAN_POINT('',(40.625,-16.025,0.));
#3213=CARTESIAN_POINT('Origin',(41.125,-16.025,0.));
#3214=CARTESIAN_POINT('',(40.625,-16.025,0.));
#3215=CARTESIAN_POINT('Origin',(40.625,-3.025,0.));
#3216=CARTESIAN_POINT('',(40.625,-3.025,0.));
#3217=CARTESIAN_POINT('',(40.625,-22.4285,0.));
#3218=CARTESIAN_POINT('',(40.625,-3.025,0.));
#3219=CARTESIAN_POINT('Origin',(41.125,-3.025,0.));
#3220=CARTESIAN_POINT('Origin',(41.125,-3.025,0.));
#3221=CARTESIAN_POINT('Origin',(35.075,-21.575,0.));
#3222=CARTESIAN_POINT('',(35.075,-21.575,0.));
#3223=CARTESIAN_POINT('',(22.075,-21.575,0.));
#3224=CARTESIAN_POINT('',(31.6575,-21.575,0.));
#3225=CARTESIAN_POINT('',(35.075,-21.575,0.));
#3226=CARTESIAN_POINT('',(22.075,-21.575,0.));
#3227=CARTESIAN_POINT('Origin',(35.075,-22.075,0.));
#3228=CARTESIAN_POINT('',(35.575,-22.075,0.));
#3229=CARTESIAN_POINT('Origin',(35.075,-22.075,0.));
#3230=CARTESIAN_POINT('',(35.575,-22.075,0.));
#3231=CARTESIAN_POINT('Origin',(35.575,-35.075,0.));
#3232=CARTESIAN_POINT('',(35.575,-35.075,0.));
#3233=CARTESIAN_POINT('',(35.575,-38.4535,0.));
#3234=CARTESIAN_POINT('',(35.575,-35.075,0.));
#3235=CARTESIAN_POINT('Origin',(35.075,-35.075,0.));
#3236=CARTESIAN_POINT('',(35.075,-35.575,0.));
#3237=CARTESIAN_POINT('Origin',(35.075,-35.075,0.));
#3238=CARTESIAN_POINT('',(35.075,-35.575,0.));
#3239=CARTESIAN_POINT('Origin',(22.075,-35.575,0.));
#3240=CARTESIAN_POINT('',(22.075,-35.575,0.));
#3241=CARTESIAN_POINT('',(25.1575,-35.575,0.));
#3242=CARTESIAN_POINT('',(22.075,-35.575,0.));
#3243=CARTESIAN_POINT('Origin',(22.075,-35.075,0.));
#3244=CARTESIAN_POINT('',(21.575,-35.075,0.));
#3245=CARTESIAN_POINT('Origin',(22.075,-35.075,0.));
#3246=CARTESIAN_POINT('',(21.575,-35.075,0.));
#3247=CARTESIAN_POINT('Origin',(21.575,-22.075,0.));
#3248=CARTESIAN_POINT('',(21.575,-22.075,0.));
#3249=CARTESIAN_POINT('',(21.575,-31.9535,0.));
#3250=CARTESIAN_POINT('',(21.575,-22.075,0.));
#3251=CARTESIAN_POINT('Origin',(22.075,-22.075,0.));
#3252=CARTESIAN_POINT('Origin',(22.075,-22.075,0.));
#3253=CARTESIAN_POINT('Origin',(16.025,-40.625,0.));
#3254=CARTESIAN_POINT('',(16.025,-40.625,0.));
#3255=CARTESIAN_POINT('',(3.025,-40.625,0.));
#3256=CARTESIAN_POINT('',(22.1325,-40.625,0.));
#3257=CARTESIAN_POINT('',(16.025,-40.625,0.));
#3258=CARTESIAN_POINT('',(3.025,-40.625,0.));
#3259=CARTESIAN_POINT('Origin',(16.025,-41.125,0.));
#3260=CARTESIAN_POINT('',(16.525,-41.125,0.));
#3261=CARTESIAN_POINT('Origin',(16.025,-41.125,0.));
#3262=CARTESIAN_POINT('',(16.525,-41.125,0.));
#3263=CARTESIAN_POINT('Origin',(16.525,-54.125,0.));
#3264=CARTESIAN_POINT('',(16.525,-54.125,0.));
#3265=CARTESIAN_POINT('',(16.525,-47.9785,0.));
#3266=CARTESIAN_POINT('',(16.525,-54.125,0.));
#3267=CARTESIAN_POINT('Origin',(16.025,-54.125,0.));
#3268=CARTESIAN_POINT('',(16.025,-54.625,0.));
#3269=CARTESIAN_POINT('Origin',(16.025,-54.125,0.));
#3270=CARTESIAN_POINT('',(16.025,-54.625,0.));
#3271=CARTESIAN_POINT('Origin',(3.025,-54.625,0.));
#3272=CARTESIAN_POINT('',(3.025,-54.625,0.));
#3273=CARTESIAN_POINT('',(15.6325,-54.625,0.));
#3274=CARTESIAN_POINT('',(3.025,-54.625,0.));
#3275=CARTESIAN_POINT('Origin',(3.025,-54.125,0.));
#3276=CARTESIAN_POINT('',(2.525,-54.125,0.));
#3277=CARTESIAN_POINT('Origin',(3.025,-54.125,0.));
#3278=CARTESIAN_POINT('',(2.525,-54.125,0.));
#3279=CARTESIAN_POINT('Origin',(2.525,-41.125,0.));
#3280=CARTESIAN_POINT('',(2.525,-41.125,0.));
#3281=CARTESIAN_POINT('',(2.525,-41.4785,0.));
#3282=CARTESIAN_POINT('',(2.525,-41.125,0.));
#3283=CARTESIAN_POINT('Origin',(3.025,-41.125,0.));
#3284=CARTESIAN_POINT('Origin',(3.025,-41.125,0.));
#3285=CARTESIAN_POINT('Origin',(15.653,-74.864,0.));
#3286=CARTESIAN_POINT('',(15.653,-74.864,0.));
#3287=CARTESIAN_POINT('',(10.053,-74.864,0.));
#3288=CARTESIAN_POINT('',(10.053,-74.864,0.));
#3289=CARTESIAN_POINT('',(10.053,-74.864,0.));
#3290=CARTESIAN_POINT('',(15.653,-74.864,0.));
#3291=CARTESIAN_POINT('Origin',(15.653,-70.8639999403954,0.));
#3292=CARTESIAN_POINT('',(15.653,-56.3479999701977,0.));
#3293=CARTESIAN_POINT('Origin',(10.053,-74.864,0.));
#3294=CARTESIAN_POINT('',(10.053,-70.8639999403954,0.));
#3295=CARTESIAN_POINT('Origin',(63.47,5.388,0.));
#3296=CARTESIAN_POINT('',(61.77,5.388,0.));
#3297=CARTESIAN_POINT('',(61.77,5.388,0.));
#3298=CARTESIAN_POINT('Origin',(63.47,5.388,0.));
#3299=CARTESIAN_POINT('Origin',(63.47,-89.052,0.));
#3300=CARTESIAN_POINT('',(61.77,-89.052,0.));
#3301=CARTESIAN_POINT('',(61.77,-89.052,0.));
#3302=CARTESIAN_POINT('Origin',(63.47,-89.052,0.));
#3303=CARTESIAN_POINT('Origin',(-6.98999999999999,5.388,0.));
#3304=CARTESIAN_POINT('',(-8.68999999999999,5.388,0.));
#3305=CARTESIAN_POINT('',(-8.68999999999999,5.388,0.));
#3306=CARTESIAN_POINT('Origin',(-6.98999999999999,5.388,0.));
#3307=CARTESIAN_POINT('Origin',(46.117,-74.762,0.));
#3308=CARTESIAN_POINT('',(46.117,-74.762,0.));
#3309=CARTESIAN_POINT('',(40.517,-74.762,0.));
#3310=CARTESIAN_POINT('',(40.517,-74.762,0.));
#3311=CARTESIAN_POINT('',(40.517,-74.762,0.));
#3312=CARTESIAN_POINT('',(46.117,-74.762,0.));
#3313=CARTESIAN_POINT('Origin',(46.117,-70.762,0.));
#3314=CARTESIAN_POINT('',(46.117,-56.297,0.));
#3315=CARTESIAN_POINT('Origin',(40.517,-74.762,0.));
#3316=CARTESIAN_POINT('',(40.517,-70.762,0.));
#3317=CARTESIAN_POINT('Origin',(-6.98999999999998,-89.052,0.));
#3318=CARTESIAN_POINT('',(-8.68999999999998,-89.052,0.));
#3319=CARTESIAN_POINT('',(-8.68999999999998,-89.052,0.));
#3320=CARTESIAN_POINT('Origin',(-6.98999999999998,-89.052,0.));
#3321=CARTESIAN_POINT('Origin',(37.749,-94.052,0.));
#3322=CARTESIAN_POINT('',(63.47,-94.052,0.));
#3323=CARTESIAN_POINT('',(37.749,-94.052,0.));
#3324=CARTESIAN_POINT('',(63.47,-94.052,0.));
#3325=CARTESIAN_POINT('',(63.47,-94.052,0.));
#3326=CARTESIAN_POINT('',(37.749,-94.052,0.));
#3327=CARTESIAN_POINT('Origin',(37.749,-63.052,0.));
#3328=CARTESIAN_POINT('',(37.749,-52.442,0.));
#3329=CARTESIAN_POINT('Origin',(19.249,-94.052,0.));
#3330=CARTESIAN_POINT('',(19.249,-94.052,0.));
#3331=CARTESIAN_POINT('',(19.249,-94.052,0.));
#3332=CARTESIAN_POINT('',(19.249,-94.052,0.));
#3333=CARTESIAN_POINT('Origin',(-6.98999999999998,-94.052,0.));
#3334=CARTESIAN_POINT('',(-6.98999999999998,-94.052,0.));
#3335=CARTESIAN_POINT('',(63.47,-94.052,0.));
#3336=CARTESIAN_POINT('',(-6.98999999999998,-94.052,0.));
#3337=CARTESIAN_POINT('Origin',(-6.98999999999998,-89.052,0.));
#3338=CARTESIAN_POINT('',(-11.99,-89.052,0.));
#3339=CARTESIAN_POINT('Origin',(-6.98999999999998,-89.052,0.));
#3340=CARTESIAN_POINT('',(-11.99,-89.052,0.));
#3341=CARTESIAN_POINT('Origin',(-11.99,5.388,0.));
#3342=CARTESIAN_POINT('',(-11.99,5.388,0.));
#3343=CARTESIAN_POINT('',(-11.99,-89.052,0.));
#3344=CARTESIAN_POINT('',(-11.99,5.388,0.));
#3345=CARTESIAN_POINT('Origin',(-6.98999999999999,5.38800000000001,0.));
#3346=CARTESIAN_POINT('',(-6.98999999999999,10.388,0.));
#3347=CARTESIAN_POINT('Origin',(-6.98999999999999,5.38800000000001,0.));
#3348=CARTESIAN_POINT('',(-6.98999999999999,10.388,0.));
#3349=CARTESIAN_POINT('Origin',(63.47,10.388,0.));
#3350=CARTESIAN_POINT('',(63.47,10.388,0.));
#3351=CARTESIAN_POINT('',(-6.98999999999999,10.388,0.));
#3352=CARTESIAN_POINT('',(63.47,10.388,0.));
#3353=CARTESIAN_POINT('Origin',(63.47,5.388,0.));
#3354=CARTESIAN_POINT('',(68.47,5.388,0.));
#3355=CARTESIAN_POINT('Origin',(63.47,5.388,0.));
#3356=CARTESIAN_POINT('',(68.47,5.388,0.));
#3357=CARTESIAN_POINT('Origin',(68.47,-89.052,0.));
#3358=CARTESIAN_POINT('',(68.47,-89.052,0.));
#3359=CARTESIAN_POINT('',(68.47,5.388,0.));
#3360=CARTESIAN_POINT('',(68.47,-89.052,0.));
#3361=CARTESIAN_POINT('Origin',(63.47,-89.052,0.));
#3362=CARTESIAN_POINT('Origin',(63.47,-89.052,0.));
#3363=CARTESIAN_POINT('Origin',(28.24,-41.832,0.));
#3364=UNCERTAINTY_MEASURE_WITH_UNIT(LENGTH_MEASURE(0.01),#3368,
'DISTANCE_ACCURACY_VALUE',
'Maximum model space distance between geometric entities at asserted c
onnectivities');
#3365=UNCERTAINTY_MEASURE_WITH_UNIT(LENGTH_MEASURE(0.01),#3368,
'DISTANCE_ACCURACY_VALUE',
'Maximum model space distance between geometric entities at asserted c
onnectivities');
#3366=(
GEOMETRIC_REPRESENTATION_CONTEXT(3)
GLOBAL_UNCERTAINTY_ASSIGNED_CONTEXT((#3364))
GLOBAL_UNIT_ASSIGNED_CONTEXT((#3368,#3370,#3371))
REPRESENTATION_CONTEXT('','3D')
);
#3367=(
GEOMETRIC_REPRESENTATION_CONTEXT(3)
GLOBAL_UNCERTAINTY_ASSIGNED_CONTEXT((#3365))
GLOBAL_UNIT_ASSIGNED_CONTEXT((#3368,#3370,#3371))
REPRESENTATION_CONTEXT('','3D')
);
#3368=(
LENGTH_UNIT()
NAMED_UNIT(*)
SI_UNIT(.MILLI.,.METRE.)
);
#3369=(
LENGTH_UNIT()
NAMED_UNIT(*)
SI_UNIT($,.METRE.)
);
#3370=(
NAMED_UNIT(*)
PLANE_ANGLE_UNIT()
SI_UNIT($,.RADIAN.)
);
#3371=(
NAMED_UNIT(*)
SI_UNIT($,.STERADIAN.)
SOLID_ANGLE_UNIT()
);
#3372=SHAPE_DEFINITION_REPRESENTATION(#3373,#3374);
#3373=PRODUCT_DEFINITION_SHAPE('',$,#3376);
#3374=SHAPE_REPRESENTATION('',(#2024),#3366);
#3375=PRODUCT_DEFINITION_CONTEXT('part definition',#3380,'design');
#3376=PRODUCT_DEFINITION('macropad up','macropad up v7',#3377,#3375);
#3377=PRODUCT_DEFINITION_FORMATION('',$,#3382);
#3378=PRODUCT_RELATED_PRODUCT_CATEGORY('macropad up v7',
'macropad up v7',(#3382));
#3379=APPLICATION_PROTOCOL_DEFINITION('international standard',
'automotive_design',2009,#3380);
#3380=APPLICATION_CONTEXT(
'Core Data for Automotive Mechanical Design Process');
#3381=PRODUCT_CONTEXT('part definition',#3380,'mechanical');
#3382=PRODUCT('macropad up','macropad up v7',$,(#3381));
#3383=PRESENTATION_STYLE_ASSIGNMENT((#3384));
#3384=SURFACE_STYLE_USAGE(.BOTH.,#3385);
#3385=SURFACE_SIDE_STYLE('',(#3386));
#3386=SURFACE_STYLE_FILL_AREA(#3387);
#3387=FILL_AREA_STYLE('Steel - Satin',(#3388));
#3388=FILL_AREA_STYLE_COLOUR('Steel - Satin',#3389);
#3389=COLOUR_RGB('Steel - Satin',0.627450980392157,0.627450980392157,0.627450980392157);
ENDSEC;
END-ISO-10303-21;
